ros_timestamp_ns,wall_time,trajectory_mode,meas_x,meas_y,meas_z,is_tracked,pred_x,pred_y,pred_z,mae_x,mae_y,mae_z,inference_ms,buffer_size,robot_ee_x,robot_ee_y,robot_ee_z,j1_vel,j2_vel,j3_vel,j4_vel,j5_vel,j6_vel,j1_eff,j2_eff,j3_eff,j4_eff,j5_eff,j6_eff
1781612117073015653,2026-06-16T19:15:17.073038,ground_truth,0.139865,-0.064000,-0.019333,True,,,,,,,,,-0.161933,0.280936,0.378605,0.000000,0.000000,0.000000,0.000000,0.000000,0.002609,-0.008960,-0.115920,0.041998,-0.003840,0.014976,-0.007200
1781612117108080683,2026-06-16T19:15:17.108103,ground_truth,0.139180,-0.045000,-0.018138,True,,,,,,,,,-0.161933,0.280936,0.378605,0.000000,0.000000,0.000000,0.000000,0.000000,0.002609,-0.008960,-0.115920,0.041998,-0.003840,0.014976,-0.007200
1781612117145790153,2026-06-16T19:15:17.145821,ground_truth,0.140549,-0.083000,-0.020529,True,,,,,,,,,-0.162117,0.277988,0.378333,0.000000,0.000000,0.000000,0.000000,0.000000,0.002609,-0.008960,-0.115920,0.041998,-0.003840,0.014976,-0.007200
1781612117179237247,2026-06-16T19:15:17.179265,ground_truth,0.139865,-0.064000,-0.019333,True,,,,,,,,,-0.162117,0.277988,0.378333,0.000000,0.000000,0.000000,0.000000,0.000000,0.002609,-0.005460,-0.116200,0.042662,-0.003968,0.014144,-0.006304
1781612117212900930,2026-06-16T19:15:17.212934,ground_truth,0.140549,-0.083000,-0.020529,True,,,,,,,,,-0.162102,0.278229,0.378355,0.000000,0.000000,0.000000,0.000000,0.000000,0.002609,-0.005880,-0.116480,0.042662,-0.003968,0.014144,-0.006624
1781612117243804643,2026-06-16T19:15:17.243826,ground_truth,0.139865,-0.064000,-0.019333,True,,,,,,,,,-0.162102,0.278229,0.378355,0.000000,0.000000,0.000000,0.000000,0.000000,0.002609,-0.005880,-0.116480,0.042662,-0.003968,0.014144,-0.006624
1781612117276466707,2026-06-16T19:15:17.276489,ground_truth,0.139865,-0.064000,-0.019333,True,,,,,,,,,-0.161944,0.280766,0.378589,0.000000,0.000000,0.000000,0.000000,0.000000,0.002609,-0.005880,-0.116480,0.042662,-0.003968,0.014144,-0.006624
1781612117307464156,2026-06-16T19:15:17.307520,ground_truth,0.140549,-0.083000,-0.020529,True,,,,,,,,,-0.161944,0.280766,0.378589,0.000000,0.000000,0.000000,0.000000,0.000000,0.002609,-0.005880,-0.116480,0.042662,-0.003968,0.014144,-0.006624
1781612117346445801,2026-06-16T19:15:17.346471,ground_truth,0.139541,-0.055000,-0.018767,True,,,,,,,,,-0.161988,0.280061,0.378524,0.000000,0.000000,0.000000,0.000000,0.000000,0.002609,-0.005880,-0.116480,0.042662,-0.003968,0.014144,-0.006624
1781612117381885139,2026-06-16T19:15:17.381913,ground_truth,0.139865,-0.064000,-0.019333,True,,,,,,,,,-0.161988,0.280061,0.378524,0.000000,0.000000,0.000000,0.000000,0.000000,0.002609,-0.005880,-0.116480,0.042662,-0.003968,0.014144,-0.006624
1781612117413440735,2026-06-16T19:15:17.413460,ground_truth,0.143791,-0.064000,-0.019333,True,,,,,,,,,-0.161988,0.280061,0.378524,0.000000,0.000000,0.000000,0.000000,0.000000,0.002609,-0.005460,-0.116480,0.041334,-0.003680,0.013984,-0.005472
1781612117448910847,2026-06-16T19:15:17.448931,ground_truth,0.140189,-0.073000,-0.019900,True,,,,,,,,,-0.161988,0.280061,0.378524,0.000000,0.000000,0.000000,0.000000,0.000000,0.000000,-0.005880,-0.116480,0.042828,-0.004128,0.014208,-0.006144
1781612117483530673,2026-06-16T19:15:17.483553,ground_truth,0.143452,-0.055000,-0.018767,True,,,,,,,,,-0.161988,0.280061,0.378524,0.000000,0.000000,0.002178,0.000000,0.000000,0.000000,-0.003920,-0.132860,0.021331,-0.004128,0.014880,-0.006528
1781612117514215211,2026-06-16T19:15:17.514238,ground_truth,0.143791,-0.064000,-0.019333,True,,,,,,,,,-0.161988,0.280061,0.378524,0.000000,0.000000,0.000000,0.000000,0.000000,0.002609,-0.000560,-0.152180,0.002988,-0.004416,0.018656,-0.007200
1781612117549368450,2026-06-16T19:15:17.549391,ground_truth,0.143452,-0.055000,-0.018767,True,,,,,,,,,-0.161988,0.280061,0.378524,0.000000,0.000000,0.000000,0.000000,0.000000,0.002609,-0.000560,-0.152180,0.002988,-0.004416,0.018656,-0.007200
1781612117579923094,2026-06-16T19:15:17.579956,ground_truth,0.142737,-0.036000,-0.017571,True,,,,,,,,,-0.161988,0.280061,0.378524,0.000000,0.000000,0.000000,0.000000,0.000000,0.002609,-0.000560,-0.152180,0.002988,-0.004416,0.018656,-0.007200
1781612117616364104,2026-06-16T19:15:17.616389,ground_truth,0.143452,-0.055000,-0.014850,True,,,,,,,,,-0.161988,0.280061,0.378524,0.000000,0.000000,0.000000,0.000000,0.000000,0.002609,-0.000560,-0.152180,0.002988,-0.004416,0.018656,-0.007200
1781612117649920302,2026-06-16T19:15:17.649952,ground_truth,0.143452,-0.055000,-0.014850,True,,,,,,,,,-0.161988,0.280061,0.378524,0.000000,0.000000,0.000000,0.000000,0.000000,0.002609,0.009520,-0.199220,-0.049717,-0.004864,0.023840,-0.007424
1781612117680925779,2026-06-16T19:15:17.680962,ground_truth,0.147363,-0.055000,-0.014850,True,,,,,,,,,-0.161988,0.280061,0.378524,0.003051,0.006540,0.016580,0.000000,0.010467,0.000000,0.113680,-0.216580,-0.019505,-0.043968,0.043648,-0.015712
1781612117715535266,2026-06-16T19:15:17.715560,ground_truth,0.147363,-0.055000,-0.014850,True,,,,,,,,,-0.161988,0.280061,0.378524,0.003051,0.006540,0.016580,0.000000,0.010467,0.000000,0.113680,-0.216580,-0.019505,-0.043968,0.043648,-0.015712
1781612117747749161,2026-06-16T19:15:17.747770,ground_truth,0.147363,-0.055000,-0.014850,True,,,,,,,,,-0.161988,0.280061,0.378524,0.003051,0.006540,0.016580,0.000000,0.010467,0.000000,0.113680,-0.216580,-0.019505,-0.043968,0.043648,-0.015712
1781612117785068410,2026-06-16T19:15:17.785093,ground_truth,0.147717,-0.064000,-0.011470,True,,,,,,,,,-0.161988,0.280061,0.378524,0.003051,0.006540,0.016580,0.000000,0.010467,0.000000,0.113680,-0.216580,-0.019505,-0.043968,0.043648,-0.015712
1781612117819031573,2026-06-16T19:15:17.819064,ground_truth,0.143075,-0.045000,-0.010337,True,,,,,,,,,-0.161988,0.280061,0.378524,0.003051,0.006540,0.016580,0.000000,0.010467,0.000000,0.113680,-0.216580,-0.019505,-0.043968,0.043648,-0.015712
1781612117856969385,2026-06-16T19:15:17.857014,ground_truth,0.142398,-0.027000,-0.005392,True,,,,,,,,,-0.161988,0.280061,0.378524,0.003051,0.006540,0.013086,0.000000,0.008289,0.002609,0.104440,-0.213500,-0.012782,-0.052992,0.043744,-0.017664
1781612117895256428,2026-06-16T19:15:17.895285,ground_truth,0.142398,-0.027000,-0.005392,True,,,,,,,,,-0.161988,0.280061,0.378524,0.003051,0.006540,0.013086,0.000000,0.008289,0.002609,0.104440,-0.213500,-0.012782,-0.052992,0.043744,-0.017664
1781612117928735820,2026-06-16T19:15:17.928761,ground_truth,0.141720,-0.009000,-0.000507,True,,,,,,,,,-0.161988,0.280061,0.378524,0.003051,0.006540,0.013086,0.000000,0.008289,0.002609,0.104440,-0.213500,-0.012782,-0.052992,0.043744,-0.017664
1781612117963156649,2026-06-16T19:15:17.963193,ground_truth,0.142059,-0.018000,-0.001014,True,,,,,,,,,-0.161988,0.280061,0.378524,0.003051,0.006540,0.013086,0.000000,0.008289,0.002609,0.104440,-0.213500,-0.012782,-0.052992,0.043744,-0.017664
1781612117996030735,2026-06-16T19:15:17.996066,ground_truth,0.142398,-0.027000,0.002349,True,,,,,,,,,-0.161988,0.280061,0.378524,0.000000,0.006540,0.011339,0.000000,0.003051,0.000000,0.035840,-0.035560,0.180027,-0.066464,-0.028000,0.003680
1781612118034480681,2026-06-16T19:15:18.034497,ground_truth,0.138532,-0.027000,0.002349,True,,,,,,,,,-0.161988,0.280061,0.378524,0.000000,0.001744,0.001740,0.000000,0.002609,0.000000,-0.034720,-0.153440,0.036105,-0.034464,-0.019488,-0.001024
1781612118071049597,2026-06-16T19:15:18.071071,ground_truth,0.138208,-0.018000,0.010554,True,,,,,,,,,-0.161988,0.280061,0.378524,0.000000,0.001744,0.003926,0.000000,0.002609,0.000000,-0.037100,-0.229600,-0.000581,-0.027392,-0.001184,-0.010368
1781612118110047789,2026-06-16T19:15:18.110064,ground_truth,0.137560,-0.000000,0.011479,True,,,,,,,,,-0.161988,0.280061,0.378524,0.000000,0.001307,0.003487,0.000000,0.000000,0.000000,-0.034720,-0.219660,0.001411,-0.024544,0.004800,-0.011264
1781612118144205518,2026-06-16T19:15:18.144224,ground_truth,0.137560,-0.000000,0.011479,True,,,,,,,,,-0.161988,0.280061,0.378524,0.000000,0.001307,0.003487,0.000000,0.000000,0.000000,-0.034720,-0.219660,0.001411,-0.024544,0.004800,-0.011264
1781612118176809909,2026-06-16T19:15:18.176826,ground_truth,0.138208,-0.018000,0.014410,True,,,,,,,,,-0.161988,0.280061,0.378524,0.000000,0.001307,0.003487,0.000000,0.000000,0.000000,-0.034720,-0.219660,0.001411,-0.024544,0.004800,-0.011264
1781612118213392851,2026-06-16T19:15:18.213410,ground_truth,0.138856,-0.036000,0.017399,True,,,,,,,,,-0.161988,0.280061,0.378524,0.000000,0.001307,0.003487,0.000000,0.000000,0.000000,-0.034720,-0.219660,0.001411,-0.024544,0.004800,-0.011264
1781612118249231805,2026-06-16T19:15:18.249266,ground_truth,0.138532,-0.027000,0.017832,True,,,,,,,,,-0.161988,0.280061,0.378524,0.000000,0.001307,0.003487,0.000000,0.000000,0.000000,-0.034720,-0.219660,0.001411,-0.024544,0.004800,-0.011264
1781612118281161701,2026-06-16T19:15:18.281189,ground_truth,0.137884,-0.009000,0.018699,True,,,,,,,,,-0.161988,0.280061,0.378524,0.000000,0.001307,0.003487,0.000000,0.000000,0.000000,-0.034720,-0.219660,0.001411,-0.024544,0.004800,-0.011264
1781612118319756275,2026-06-16T19:15:18.319781,ground_truth,0.137560,-0.000000,0.022959,True,,,,,,,,,-0.161988,0.280061,0.378524,0.000000,0.001307,0.003487,0.000000,0.000000,0.000000,-0.034720,-0.219660,0.001411,-0.024544,0.004800,-0.011264
1781612118352067713,2026-06-16T19:15:18.352093,ground_truth,0.138856,-0.036000,0.025170,True,,,,,,,,,-0.161988,0.280061,0.378524,0.000000,0.001307,0.003487,0.000000,0.000000,0.000000,-0.034720,-0.219660,0.001411,-0.024544,0.004800,-0.011264
1781612118388949922,2026-06-16T19:15:18.388980,ground_truth,0.137560,-0.000000,0.026785,True,,,,,,,,,-0.161988,0.280061,0.378524,0.000000,0.001744,0.003926,0.000000,0.002609,0.002609,-0.035840,-0.217840,0.003652,-0.021056,0.010912,-0.014656
1781612118427701517,2026-06-16T19:15:18.427731,ground_truth,0.136948,0.017000,0.027548,True,,,,,,,,,-0.161988,0.280061,0.378524,0.000000,0.001744,0.003926,0.000000,0.002609,0.002609,-0.035840,-0.217840,0.003652,-0.021056,0.010912,-0.014656
1781612118462626235,2026-06-16T19:15:18.462657,ground_truth,0.138856,-0.036000,0.029056,True,,,,,,,,,-0.161988,0.280061,0.378524,0.000000,0.001744,0.003926,0.000000,0.002609,0.002609,-0.035840,-0.217840,0.003652,-0.021056,0.010912,-0.014656
1781612118502092184,2026-06-16T19:15:18.502117,ground_truth,0.137884,-0.009000,0.030223,True,,,,,,,,,-0.161879,0.281624,0.380087,0.000000,0.001744,0.003926,0.000000,0.002609,0.002609,-0.035840,-0.217840,0.003652,-0.021056,0.010912,-0.014656
1781612118534979286,2026-06-16T19:15:18.535008,ground_truth,0.138208,-0.018000,0.029834,True,,,,,,,,,-0.161879,0.281624,0.380087,0.000000,0.000000,0.000000,0.000000,0.000000,0.000000,-0.048300,-0.224420,0.009711,0.006464,0.039680,-0.030240
1781612118566660072,2026-06-16T19:15:18.566687,ground_truth,0.139541,-0.055000,0.028235,True,,,,,,,,,-0.161713,0.284819,0.383234,0.000000,0.000000,0.000000,0.000000,0.000000,0.000000,-0.048300,-0.224420,0.009711,0.006464,0.039680,-0.030240
1781612118598493933,2026-06-16T19:15:18.598521,ground_truth,0.137560,-0.000000,0.030611,True,,,,,,,,,-0.161713,0.284819,0.383234,0.000000,0.000000,0.000000,0.000000,0.000000,0.000000,-0.048300,-0.224420,0.009711,0.006464,0.039680,-0.030240
1781612118633120364,2026-06-16T19:15:18.633145,ground_truth,0.138532,-0.027000,0.029445,True,,,,,,,,,-0.161518,0.289768,0.387555,0.000000,0.000000,0.000000,0.000000,0.000000,0.000000,-0.048300,-0.224420,0.009711,0.006464,0.039680,-0.030240
1781612118670763355,2026-06-16T19:15:18.670791,ground_truth,0.133739,-0.000000,0.030611,True,,,,,,,,,-0.161518,0.289768,0.387555,0.000000,0.000000,0.000000,0.000000,0.000000,0.000000,-0.048300,-0.224420,0.009711,0.006464,0.039680,-0.030240
1781612118702422563,2026-06-16T19:15:18.702447,ground_truth,0.135629,-0.055000,0.032151,True,,,,,,,,,-0.161302,0.296608,0.393197,0.000000,0.000000,0.000000,0.000000,0.000000,0.000000,-0.048300,-0.224420,0.009711,0.006464,0.039680,-0.030240
1781612118738204838,2026-06-16T19:15:18.738230,ground_truth,0.135629,-0.055000,0.032151,True,,,,,,,,,-0.161302,0.296608,0.393197,0.000000,0.000000,0.000000,0.000000,0.000000,0.000000,-0.048300,-0.224420,0.009711,0.006464,0.039680,-0.030240
1781612118778397408,2026-06-16T19:15:18.778427,ground_truth,0.134048,-0.009000,0.034064,True,,,,,,,,,-0.160990,0.303995,0.399950,0.000000,0.000000,0.000000,0.000000,0.000000,0.002609,-0.040600,-0.198660,0.029465,0.011264,0.026400,-0.022720
1781612118811863687,2026-06-16T19:15:18.811884,ground_truth,0.134667,-0.027000,0.033315,True,,,,,,,,,-0.160517,0.310480,0.407589,0.000000,0.000000,0.000000,0.000000,0.000000,0.002609,-0.039060,-0.195860,0.030129,0.010528,0.025344,-0.021664
1781612118846004343,2026-06-16T19:15:18.846026,ground_truth,0.134976,-0.036000,0.032941,True,,,,,,,,,-0.160517,0.310480,0.407589,0.000000,0.000000,0.002178,0.000000,0.000000,0.000000,-0.035560,-0.195860,0.039591,0.009760,0.023552,-0.020608
1781612118879928360,2026-06-16T19:15:18.879966,ground_truth,0.134358,-0.018000,0.033690,True,,,,,,,,,-0.159900,0.316244,0.415698,0.000000,0.000000,0.002178,0.000000,0.000000,0.000000,-0.035560,-0.195860,0.039591,0.009760,0.023552,-0.020608
1781612118914217909,2026-06-16T19:15:18.914241,ground_truth,0.135131,-0.040500,0.032754,True,,,,,,,,,-0.159900,0.316244,0.415698,0.000000,0.000000,0.002178,0.000000,0.000000,0.000000,-0.035560,-0.195860,0.039591,0.009760,0.023552,-0.020608
1781612118949890068,2026-06-16T19:15:18.949917,ground_truth,0.133464,0.008000,0.034770,True,,,,,,,,,-0.159160,0.319887,0.423245,0.000000,0.000000,0.002178,0.000000,0.000000,0.000000,-0.035560,-0.195860,0.039591,0.009760,0.023552,-0.020608
1781612118981715732,2026-06-16T19:15:18.981738,ground_truth,0.134667,-0.027000,0.033315,True,,,,,,,,,-0.159160,0.319887,0.423245,0.000000,0.000000,0.002178,0.000000,0.000000,0.000000,-0.035560,-0.195860,0.039591,0.009760,0.023552,-0.020608
1781612119014095228,2026-06-16T19:15:19.014115,ground_truth,0.134358,-0.018000,0.033690,True,,,,,,,,,-0.158326,0.321527,0.429863,0.004796,0.029231,0.061518,0.000000,0.088574,0.000000,-0.080780,-0.289800,0.223934,0.005920,-0.065024,0.025504
1781612119054483538,2026-06-16T19:15:19.054503,ground_truth,0.133464,0.008000,0.034770,True,,,,,,,,,-0.158326,0.321527,0.429863,0.006540,0.045376,0.100352,0.000000,0.137436,0.007847,-0.085820,-0.293160,0.253648,0.003968,-0.074240,0.029792
1781612119086488942,2026-06-16T19:15:19.086509,ground_truth,0.133464,0.008000,0.034770,True,,,,,,,,,-0.157479,0.321646,0.434792,0.006540,0.055849,0.124791,0.000000,0.178021,0.008289,-0.087080,-0.313600,0.268588,0.003360,-0.076928,0.028512
1781612119124522591,2026-06-16T19:15:19.124548,ground_truth,0.132571,0.034000,0.035851,True,,,,,,,,,-0.157479,0.321646,0.434792,0.006540,0.055849,0.124791,0.000000,0.178021,0.008289,-0.087080,-0.313600,0.268588,0.003360,-0.076928,0.028512
1781612119158643416,2026-06-16T19:15:19.158674,ground_truth,0.134976,-0.036000,0.036827,True,,,,,,,,,-0.156703,0.320580,0.431077,0.006540,0.055849,0.124791,0.000000,0.178021,0.008289,-0.087080,-0.313600,0.268588,0.003360,-0.076928,0.028512
1781612119191803437,2026-06-16T19:15:19.191826,ground_truth,0.134667,-0.027000,0.037186,True,,,,,,,,,-0.156703,0.320580,0.431077,0.006540,0.055849,0.124791,0.000000,0.178021,0.008289,-0.087080,-0.313600,0.268588,0.003360,-0.076928,0.028512
1781612119225425419,2026-06-16T19:15:19.225444,ground_truth,0.134048,-0.009000,0.037905,True,,,,,,,,,-0.156450,0.322307,0.432418,0.017889,0.130895,0.311977,0.000000,0.418001,0.018756,-0.109620,-0.320740,0.303531,0.013696,-0.093056,0.031840
1781612119269371542,2026-06-16T19:15:19.269391,ground_truth,0.133155,0.017000,0.038943,True,,,,,,,,,-0.156450,0.322307,0.432418,0.021378,0.145295,0.336409,0.000000,0.476910,0.021807,-0.103460,-0.322980,0.306270,0.017216,-0.101856,0.033280
1781612119304411958,2026-06-16T19:15:19.304429,ground_truth,0.132571,0.034000,0.039622,True,,,,,,,,,-0.156422,0.321578,0.432391,0.021378,0.150528,0.339896,0.000000,0.484757,0.021375,-0.110880,-0.332220,0.303863,0.019040,-0.103072,0.034304
1781612119338147650,2026-06-16T19:15:19.338171,ground_truth,0.132571,0.034000,0.039622,True,,,,,,,,,-0.156422,0.321578,0.432391,0.026174,0.158388,0.323316,0.000000,0.482138,0.024426,-0.107240,-0.331660,0.285271,0.020160,-0.097568,0.033408
1781612119373387709,2026-06-16T19:15:19.373411,ground_truth,0.133155,0.017000,0.042742,True,,,,,,,,,-0.156335,0.323803,0.432663,0.029669,0.161877,0.278809,0.003051,0.441995,0.029665,-0.097020,-0.336280,0.266513,0.014432,-0.095744,0.033184
1781612119406985481,2026-06-16T19:15:19.407005,ground_truth,0.132846,0.026000,0.046870,True,,,,,,,,,-0.156179,0.328182,0.433216,0.030976,0.163184,0.263976,0.000000,0.431087,0.027045,-0.100940,-0.322980,0.257051,0.012480,-0.088896,0.035744
1781612119442091854,2026-06-16T19:15:19.442114,ground_truth,0.132846,0.026000,0.050654,True,,,,,,,,,-0.156179,0.328182,0.433216,0.032720,0.163621,0.236050,0.000000,0.409711,0.029665,-0.104440,-0.317660,0.255723,0.009184,-0.090784,0.034016
1781612119475491016,2026-06-16T19:15:19.475512,ground_truth,0.136624,0.026000,0.054437,True,,,,,,,,,-0.155955,0.334734,0.434362,0.036209,0.156637,0.187618,0.002609,0.361280,0.035335,-0.108780,-0.324800,0.245597,0.004800,-0.084928,0.034848
1781612119510757047,2026-06-16T19:15:19.510772,ground_truth,0.135400,0.060000,0.059299,True,,,,,,,,,-0.155955,0.334734,0.434362,0.036209,0.143550,0.147037,0.000000,0.285792,0.035335,-0.096040,-0.280840,0.249000,0.001184,-0.076928,0.036960
1781612119547506160,2026-06-16T19:15:19.547533,ground_truth,0.136336,0.034000,0.066016,True,,,,,,,,,-0.155928,0.343024,0.436960,0.036209,0.135697,0.131765,0.000000,0.263975,0.035335,-0.075600,-0.245140,0.237961,-0.000352,-0.068576,0.036416
1781612119583594033,2026-06-16T19:15:19.583618,ground_truth,0.136948,0.017000,0.065533,True,,,,,,,,,-0.155928,0.343024,0.436960,0.029231,0.092934,0.079846,0.000000,0.158823,0.029665,-0.095480,-0.205800,0.226673,-0.003840,-0.054784,0.031232
1781612119632132977,2026-06-16T19:15:19.632158,ground_truth,0.137272,0.008000,0.069090,True,,,,,,,,,-0.156105,0.350678,0.440421,0.026174,0.055412,0.042759,0.000000,0.085954,0.026614,-0.081760,-0.185640,0.210488,-0.007136,-0.050816,0.030464
1781612119664001117,2026-06-16T19:15:19.664024,ground_truth,0.136624,0.026000,0.069572,True,,,,,,,,,-0.156105,0.350678,0.440421,0.022685,0.023122,0.012647,0.000000,0.029665,0.024426,-0.097300,-0.164500,0.198951,-0.014080,-0.043744,0.031456
1781612119703256814,2026-06-16T19:15:19.703286,ground_truth,0.136624,0.026000,0.073356,True,,,,,,,,,-0.156498,0.356493,0.445033,0.022685,0.023122,0.012647,0.000000,0.029665,0.024426,-0.097300,-0.164500,0.198951,-0.014080,-0.043744,0.031456
1781612119744828043,2026-06-16T19:15:19.744857,ground_truth,0.137272,0.008000,0.076717,True,,,,,,,,,-0.156825,0.360039,0.449462,0.022685,0.023122,0.012647,0.000000,0.029665,0.024426,-0.097300,-0.164500,0.198951,-0.014080,-0.043744,0.031456
1781612119784878541,2026-06-16T19:15:19.784904,ground_truth,0.136012,0.043000,0.077539,True,,,,,,,,,-0.156825,0.360039,0.449462,0.022685,0.023122,0.012647,0.000000,0.029665,0.024426,-0.097300,-0.164500,0.198951,-0.014080,-0.043744,0.031456
1781612119827822777,2026-06-16T19:15:19.827845,ground_truth,0.136012,0.043000,0.077539,True,,,,,,,,,-0.157083,0.364882,0.453786,0.006540,0.058463,0.033161,0.000000,0.007847,0.008289,-0.087360,0.000840,0.263276,-0.040704,0.040960,0.031744
1781612119861219567,2026-06-16T19:15:19.861242,ground_truth,0.135724,0.051000,0.077727,True,,,,,,,,,-0.157083,0.364882,0.453786,0.006540,0.065010,0.076351,0.000000,0.005228,0.005670,-0.089880,0.007000,0.280291,-0.047104,-0.024320,0.030848
1781612119896861461,2026-06-16T19:15:19.896883,ground_truth,0.137272,0.008000,0.080530,True,,,,,,,,,-0.157421,0.369946,0.458416,0.003489,0.067192,0.100352,0.000000,0.037523,0.005670,-0.092260,0.034020,0.284607,-0.049312,-0.055488,0.032576
1781612119946881774,2026-06-16T19:15:19.946902,ground_truth,0.137272,0.008000,0.080530,True,,,,,,,,,-0.157839,0.373030,0.462830,0.001744,0.073301,0.135698,0.000000,0.067188,0.002609,-0.094500,0.017920,0.298468,-0.050656,-0.060224,0.031168
1781612119997582861,2026-06-16T19:15:19.997609,ground_truth,0.141381,-0.000000,0.080355,True,,,,,,,,,-0.157839,0.373030,0.462830,0.000000,0.078103,0.185870,0.000000,0.110391,0.000000,-0.026600,0.013860,0.309341,-0.052160,-0.064672,0.020480
1781612120038696181,2026-06-16T19:15:20.038722,ground_truth,0.141080,0.008000,0.080530,True,,,,,,,,,-0.158436,0.373889,0.467430,0.001307,0.073301,0.208124,0.000000,0.134817,0.002609,0.077140,-0.019740,0.306602,-0.052608,-0.073760,-0.009184
1781612120073977571,2026-06-16T19:15:20.073996,ground_truth,0.137880,0.093000,0.082388,True,,,,,,,,,-0.159136,0.372697,0.471212,0.009598,0.058901,0.222964,0.000000,0.167112,0.010898,0.093800,-0.039900,0.306104,-0.051712,-0.071136,-0.023488
1781612120118817723,2026-06-16T19:15:20.118842,ground_truth,0.140402,0.026000,0.080923,True,,,,,,,,,-0.159136,0.372697,0.471212,0.014831,0.042756,0.224704,0.000000,0.180640,0.013517,0.102480,-0.056000,0.287180,-0.050656,-0.079104,-0.030336
1781612120154558715,2026-06-16T19:15:20.154584,ground_truth,0.139762,0.043000,0.085051,True,,,,,,,,,-0.159743,0.369502,0.474018,0.014831,0.030976,0.224704,0.000000,0.194157,0.016137,0.103180,-0.073360,0.282034,-0.049920,-0.079584,-0.029952
1781612120194325061,2026-06-16T19:15:20.194349,ground_truth,0.140101,0.034000,0.084869,True,,,,,,,,,-0.159743,0.369502,0.474018,0.014831,0.030976,0.224704,0.000000,0.194157,0.016137,0.103180,-0.073360,0.282034,-0.049920,-0.079584,-0.029952
1781612120228965622,2026-06-16T19:15:20.228993,ground_truth,0.139122,0.060000,0.085394,True,,,,,,,,,-0.160331,0.368520,0.477098,0.014831,0.030976,0.224704,0.000000,0.194157,0.016137,0.103180,-0.073360,0.282034,-0.049920,-0.079584,-0.029952
1781612120263133838,2026-06-16T19:15:20.263154,ground_truth,0.139461,0.051000,0.088955,True,,,,,,,,,-0.160331,0.368520,0.477098,0.016576,0.019634,0.219038,0.000000,0.202015,0.013517,0.102200,-0.083020,0.286682,-0.050208,-0.081536,-0.029888
1781612120298287140,2026-06-16T19:15:20.298310,ground_truth,0.143199,0.051000,0.088955,True,,,,,,,,,-0.160737,0.369659,0.479558,0.018320,0.017889,0.195038,0.000000,0.212493,0.013517,0.094220,-0.291340,0.283860,-0.052000,-0.074240,-0.033952
1781612120334245275,2026-06-16T19:15:20.334267,ground_truth,0.144534,0.017000,0.092122,True,,,,,,,,,-0.160737,0.369659,0.479558,0.016138,0.026174,0.187618,0.000000,0.215543,0.016137,0.092260,-0.281680,0.277552,-0.052160,-0.075872,-0.033344
1781612120365640550,2026-06-16T19:15:20.365665,ground_truth,0.144534,0.017000,0.092122,True,,,,,,,,,-0.161217,0.372893,0.481273,0.017889,0.029231,0.182383,0.000000,0.210305,0.018756,0.091140,-0.285460,0.284773,-0.052000,-0.078528,-0.032960
1781612120397140061,2026-06-16T19:15:20.397160,ground_truth,0.141863,0.085000,0.093273,True,,,,,,,,,-0.161217,0.372893,0.481273,0.017889,0.040574,0.165364,0.000000,0.202015,0.018756,0.122360,-0.294700,0.283694,-0.051712,-0.073472,-0.030720
1781612120433254439,2026-06-16T19:15:20.433277,ground_truth,0.144534,0.017000,0.092122,True,,,,,,,,,-0.162756,0.375027,0.483287,0.019634,0.044069,0.160130,0.000000,0.199396,0.018756,0.121520,-0.312760,0.276888,-0.051712,-0.076032,-0.032800
1781612120464191900,2026-06-16T19:15:20.464215,ground_truth,0.143199,0.051000,0.092698,True,,,,,,,,,-0.162756,0.375027,0.483287,0.021378,0.055412,0.141371,0.000000,0.194157,0.021807,0.117740,-0.332920,0.259126,-0.051040,-0.075200,-0.030560
1781612120495681928,2026-06-16T19:15:20.495703,ground_truth,0.140920,0.109000,0.093680,True,,,,,,,,,-0.163955,0.374974,0.485141,0.022685,0.063703,0.128278,0.000000,0.191107,0.024426,0.103740,-0.337820,0.245763,-0.050144,-0.069920,-0.030848
1781612120528551334,2026-06-16T19:15:20.528572,ground_truth,0.141549,0.093000,0.093409,True,,,,,,,,,-0.163955,0.374974,0.485141,0.022685,0.081592,0.092931,0.000000,0.174959,0.023995,0.105280,-0.351820,0.236633,-0.048768,-0.064128,-0.034016
1781612120562112246,2026-06-16T19:15:20.562132,ground_truth,0.142531,0.068000,0.092985,True,,,,,,,,,-0.164495,0.377011,0.486646,0.024867,0.088139,0.078098,0.000000,0.164492,0.026614,0.100380,-0.340340,0.230574,-0.049152,-0.068640,-0.032128
1781612120590425904,2026-06-16T19:15:20.590448,ground_truth,0.141234,0.101000,0.097205,True,,,,,,,,,-0.164495,0.377011,0.486646,0.024867,0.088139,0.078098,0.000000,0.164492,0.026614,0.100380,-0.340340,0.230574,-0.049152,-0.068640,-0.032128
1781612120619235864,2026-06-16T19:15:20.619257,ground_truth,0.141863,0.085000,0.096960,True,,,,,,,,,-0.164719,0.381244,0.487897,0.024867,0.088139,0.078098,0.000000,0.164492,0.026614,0.100380,-0.340340,0.230574,-0.049152,-0.068640,-0.032128
1781612120649927016,2026-06-16T19:15:20.649966,ground_truth,0.145202,-0.000000,0.095661,True,,,,,,,,,-0.164719,0.381244,0.487897,0.024867,0.088139,0.078098,0.000000,0.164492,0.026614,0.100380,-0.340340,0.230574,-0.049152,-0.068640,-0.032128
1781612120687380536,2026-06-16T19:15:20.687407,ground_truth,0.142531,0.068000,0.100415,True,,,,,,,,,-0.164751,0.387699,0.489027,0.024867,0.088139,0.078098,0.000000,0.164492,0.026614,0.100380,-0.340340,0.230574,-0.049152,-0.068640,-0.032128
1781612120716478211,2026-06-16T19:15:20.716495,ground_truth,0.142845,0.060000,0.100306,True,,,,,,,,,-0.164751,0.387699,0.489027,0.024429,0.092934,0.065013,0.000000,0.156203,0.023995,0.088340,-0.325500,0.248170,-0.049440,-0.066016,-0.032736
1781612120753008941,2026-06-16T19:15:20.753033,ground_truth,0.138821,0.068000,0.100415,True,,,,,,,,,-0.164772,0.395708,0.490582,0.022685,0.045814,0.061518,0.000000,0.107772,0.024426,0.106820,-0.241360,0.281619,-0.062240,-0.059456,-0.033120
1781612120784793542,2026-06-16T19:15:20.784811,ground_truth,0.138821,0.068000,0.100415,True,,,,,,,,,-0.164772,0.395708,0.490582,0.029669,0.021378,0.080284,0.000000,0.102533,0.029665,0.104720,-0.220080,0.289919,-0.062848,-0.055392,-0.030560
1781612120819196004,2026-06-16T19:15:20.819217,ground_truth,0.136624,0.026000,0.099842,True,,,,,,,,,-0.164557,0.401969,0.492529,0.032720,0.016138,0.083771,0.000000,0.099914,0.032284,0.103740,-0.221340,0.281453,-0.062560,-0.060224,-0.033632
1781612120852741048,2026-06-16T19:15:20.852767,ground_truth,0.136336,0.034000,0.099951,True,,,,,,,,,-0.164557,0.401969,0.492529,0.032720,0.016138,0.083771,0.000000,0.099914,0.032284,0.103740,-0.221340,0.281453,-0.062560,-0.060224,-0.033632
1781612120891233253,2026-06-16T19:15:20.891252,ground_truth,0.129993,0.109000,0.100974,True,,,,,,,,,-0.163514,0.406588,0.494259,0.032720,0.016138,0.083771,0.000000,0.099914,0.032284,0.103740,-0.221340,0.281453,-0.062560,-0.060224,-0.033632
1781612120918889951,2026-06-16T19:15:20.918911,ground_truth,0.131677,0.060000,0.100306,True,,,,,,,,,-0.163514,0.406588,0.494259,0.032720,0.016138,0.083771,0.000000,0.099914,0.032284,0.103740,-0.221340,0.281453,-0.062560,-0.060224,-0.033632
1781612120951469649,2026-06-16T19:15:20.951494,ground_truth,0.132261,0.043000,0.100074,True,,,,,,,,,-0.161804,0.410663,0.495488,0.037523,0.004796,0.083771,0.000000,0.078096,0.037523,0.099400,-0.065660,0.283362,-0.063296,-0.055488,-0.034240
1781612120995219583,2026-06-16T19:15:20.995242,ground_truth,0.130818,0.085000,0.100647,True,,,,,,,,,-0.161804,0.410663,0.495488,0.034034,0.011780,0.083771,0.000000,0.075477,0.034903,0.109340,-0.048580,0.273734,-0.063296,-0.054496,-0.036192
1781612121025734935,2026-06-16T19:15:21.025762,ground_truth,0.130268,0.101000,0.100865,True,,,,,,,,,-0.161804,0.410663,0.495488,0.029231,0.016138,0.081593,0.000000,0.064568,0.029665,0.097300,-0.050820,0.274481,-0.063744,-0.055616,-0.034240
1781612121055696570,2026-06-16T19:15:21.055710,ground_truth,0.128928,0.140000,0.101397,True,,,,,,,,,-0.161804,0.410663,0.495488,0.021378,0.023122,0.083771,0.000000,0.061949,0.021375,0.092260,-0.025060,0.280125,-0.066304,-0.053664,-0.031296
1781612121085441386,2026-06-16T19:15:21.085472,ground_truth,0.130268,0.101000,0.100865,True,,,,,,,,,-0.156975,0.413602,0.498671,0.016138,0.030976,0.089006,0.000000,0.059340,0.016137,0.088340,-0.020440,0.296974,-0.067680,-0.051712,-0.030784
1781612121119219553,2026-06-16T19:15:21.119248,ground_truth,0.133059,0.125000,0.104814,True,,,,,,,,,-0.156975,0.413602,0.498671,0.010029,0.050609,0.111259,0.000000,0.059340,0.010467,0.086380,0.013580,0.302784,-0.069184,-0.051200,-0.031744
1781612121152496384,2026-06-16T19:15:21.152528,ground_truth,0.133347,0.117000,0.104718,True,,,,,,,,,-0.155556,0.415919,0.499531,0.004796,0.067192,0.128278,0.000000,0.058898,0.005670,0.081480,-0.004340,0.303365,-0.069184,-0.055392,-0.030944
1781612121193238058,2026-06-16T19:15:21.193269,ground_truth,0.132771,0.133000,0.104910,True,,,,,,,,,-0.155556,0.415919,0.499531,0.001307,0.079847,0.141371,0.000000,0.064568,0.002609,0.086100,-0.001820,0.317558,-0.068736,-0.053152,-0.031904
1781612121229855500,2026-06-16T19:15:21.229874,ground_truth,0.133924,0.101000,0.108186,True,,,,,,,,,-0.155362,0.419894,0.499589,0.000000,0.089883,0.156204,0.000000,0.067188,0.002609,0.035000,0.008680,0.314321,-0.067520,-0.053152,-0.020384
1781612121268115526,2026-06-16T19:15:21.268133,ground_truth,0.138181,0.085000,0.108020,True,,,,,,,,,-0.155362,0.419894,0.499589,0.004796,0.094679,0.169290,0.000000,0.072426,0.003051,-0.079940,0.001120,0.311084,-0.066912,-0.048992,0.019328
1781612121300200488,2026-06-16T19:15:21.300222,ground_truth,0.135809,0.148000,0.108673,True,,,,,,,,,-0.155295,0.425539,0.500107,0.014831,0.094679,0.169290,0.000000,0.075477,0.016137,-0.097580,-0.011340,0.311748,-0.065632,-0.055328,0.030624
1781612121333777320,2026-06-16T19:15:21.333797,ground_truth,0.141863,0.085000,0.111707,True,,,,,,,,,-0.155295,0.425539,0.500107,0.017889,0.091190,0.167112,0.000000,0.075477,0.018756,-0.113680,-0.022540,0.299049,-0.064448,-0.052160,0.030016
1781612121368381012,2026-06-16T19:15:21.368400,ground_truth,0.140606,0.117000,0.111986,True,,,,,,,,,-0.155412,0.430319,0.501465,0.050609,0.073301,0.160130,0.000000,0.085954,0.051040,-0.132020,-0.062860,0.295729,-0.063840,-0.055616,0.037472
1781612121400605797,2026-06-16T19:15:21.400631,ground_truth,0.139388,0.148000,0.112256,True,,,,,,,,,-0.155412,0.430319,0.501465,0.066754,0.060645,0.154457,0.000000,0.094675,0.070249,-0.161140,-0.056420,0.301124,-0.062016,-0.057280,0.036960
1781612121432244001,2026-06-16T19:15:21.432259,ground_truth,0.138484,0.171000,0.112457,True,,,,,,,,,-0.156002,0.437061,0.502545,0.082899,0.050609,0.144858,0.000000,0.096863,0.086386,-0.157780,-0.068740,0.290749,-0.059616,-0.055488,0.039200
1781612121463847888,2026-06-16T19:15:21.463872,ground_truth,0.140291,0.125000,0.112056,True,,,,,,,,,-0.156002,0.437061,0.502545,0.088570,0.044069,0.137438,0.000000,0.091624,0.085954,-0.151200,-0.058520,0.285437,-0.058112,-0.058880,0.043584
1781612121494875175,2026-06-16T19:15:21.494901,ground_truth,0.145217,0.093000,0.115451,True,,,,,,,,,-0.156709,0.445295,0.503730,0.088570,0.042318,0.126099,0.000000,0.080716,0.085954,-0.129220,-0.047040,0.296808,-0.057952,-0.054880,0.039520
1781612121530397592,2026-06-16T19:15:21.530422,ground_truth,0.144562,0.109000,0.115564,True,,,,,,,,,-0.156709,0.445295,0.503730,0.086825,0.044069,0.122605,0.000000,0.080716,0.083335,-0.123900,-0.033460,0.301124,-0.057952,-0.055552,0.040352
1781612121567019641,2026-06-16T19:15:21.567042,ground_truth,0.142966,0.148000,0.115839,True,,,,,,,,,-0.158102,0.453018,0.505382,0.076790,0.049303,0.126531,0.000000,0.075477,0.078096,-0.123620,-0.013020,0.292824,-0.057952,-0.056544,0.037184
1781612121605398281,2026-06-16T19:15:21.605419,ground_truth,0.142311,0.164000,0.115953,True,,,,,,,,,-0.159657,0.458550,0.507122,0.052354,0.063703,0.130456,0.000000,0.069807,0.056721,-0.060760,-0.001540,0.307764,-0.055264,-0.052384,0.032448
1781612121640539856,2026-06-16T19:15:21.640560,ground_truth,0.143294,0.140000,0.115783,True,,,,,,,,,-0.159657,0.458550,0.507122,0.023122,0.076790,0.131765,0.000000,0.056721,0.021807,-0.058240,-0.009240,0.304195,-0.054784,-0.051872,0.029664
1781612121675049530,2026-06-16T19:15:21.675074,ground_truth,0.142639,0.156000,0.115896,True,,,,,,,,,-0.161277,0.463466,0.508989,0.013087,0.081592,0.135698,0.000000,0.051482,0.010898,-0.054180,0.001820,0.309507,-0.054784,-0.050208,0.028608
1781612121708343222,2026-06-16T19:15:21.708366,ground_truth,0.143294,0.140000,0.115783,True,,,,,,,,,-0.161277,0.463466,0.508989,0.013087,0.081592,0.135698,0.000000,0.051482,0.010898,-0.054180,0.001820,0.309507,-0.054784,-0.050208,0.028608
1781612121739547295,2026-06-16T19:15:21.739569,ground_truth,0.142966,0.148000,0.119423,True,,,,,,,,,-0.162811,0.467860,0.510710,0.013087,0.081592,0.135698,0.000000,0.051482,0.010898,-0.054180,0.001820,0.309507,-0.054784,-0.050208,0.028608
1781612121773056507,2026-06-16T19:15:21.773078,ground_truth,0.143580,0.133000,0.119341,True,,,,,,,,,-0.162811,0.467860,0.510710,0.013087,0.081592,0.135698,0.000000,0.051482,0.010898,-0.054180,0.001820,0.309507,-0.054784,-0.050208,0.028608
1781612121806224812,2026-06-16T19:15:21.806245,ground_truth,0.143294,0.140000,0.119379,True,,,,,,,,,-0.163843,0.472292,0.512255,0.027925,0.116063,0.189804,0.000000,0.075046,0.027045,0.106540,-0.018900,0.335984,-0.054208,-0.051328,-0.031232
1781612121844175190,2026-06-16T19:15:21.844192,ground_truth,0.143294,0.140000,0.119379,True,,,,,,,,,-0.163843,0.472292,0.512255,0.030976,0.119114,0.193291,0.000000,0.075477,0.029665,0.110880,-0.034020,0.341628,-0.053600,-0.053504,-0.032576
1781612121899324645,2026-06-16T19:15:21.899339,ground_truth,0.142311,0.164000,0.119509,True,,,,,,,,,-0.164413,0.477594,0.513385,0.039267,0.115626,0.195038,0.000000,0.075477,0.037954,0.117180,-0.045780,0.307266,-0.048768,-0.057120,-0.032512
1781612121933277613,2026-06-16T19:15:21.933299,ground_truth,0.143580,0.133000,0.122949,True,,,,,,,,,-0.164413,0.477594,0.513385,0.040574,0.106459,0.183692,0.000000,0.078096,0.040142,0.112420,-0.062580,0.314155,-0.048032,-0.054560,-0.033728
1781612121965238722,2026-06-16T19:15:21.965255,ground_truth,0.142639,0.156000,0.123036,True,,,,,,,,,-0.164901,0.482013,0.514765,0.041012,0.099481,0.176710,0.000000,0.078096,0.040573,0.109620,-0.063420,0.314155,-0.047264,-0.054944,-0.035744
1781612122001195629,2026-06-16T19:15:22.001211,ground_truth,0.140183,0.216000,0.123263,True,,,,,,,,,-0.164901,0.482013,0.514765,0.042318,0.088139,0.163624,0.000000,0.078096,0.042751,0.131740,-0.076440,0.305025,-0.046368,-0.054496,-0.036128
1781612122036590627,2026-06-16T19:15:22.036615,ground_truth,0.139610,0.230000,0.123316,True,,,,,,,,,-0.165326,0.484355,0.516891,0.042318,0.081592,0.158383,0.000000,0.078096,0.045812,0.124600,-0.091700,0.301290,-0.045760,-0.055392,-0.034560
1781612122066092025,2026-06-16T19:15:22.066110,ground_truth,0.141083,0.194000,0.123180,True,,,,,,,,,-0.165326,0.484355,0.516891,0.040574,0.068498,0.143111,0.000000,0.072857,0.040573,0.097300,-0.092680,0.311748,-0.045760,-0.053888,-0.034080
1781612122101130193,2026-06-16T19:15:22.101147,ground_truth,0.139323,0.237000,0.123343,True,,,,,,,,,-0.165356,0.488744,0.518204,0.037523,0.065447,0.137438,0.000000,0.069807,0.037523,0.108780,-0.087640,0.310337,-0.046368,-0.049984,-0.032800
1781612122130078399,2026-06-16T19:15:22.130102,ground_truth,0.139323,0.237000,0.123343,True,,,,,,,,,-0.165356,0.488744,0.518204,0.035778,0.065447,0.137438,0.000000,0.070249,0.035335,0.115920,-0.064400,0.306270,-0.046432,-0.055936,-0.033344
1781612122159965295,2026-06-16T19:15:22.159992,ground_truth,0.138750,0.251000,0.123396,True,,,,,,,,,-0.165134,0.495239,0.518972,0.036209,0.067192,0.139185,0.000000,0.072857,0.034903,0.115220,-0.079240,0.321542,-0.046752,-0.050720,-0.032800
1781612122196520389,2026-06-16T19:15:22.196542,ground_truth,0.139896,0.223000,0.123290,True,,,,,,,,,-0.165134,0.495239,0.518972,0.034465,0.068498,0.143111,0.000000,0.075477,0.034903,0.103460,-0.066640,0.308511,-0.046976,-0.052928,-0.033280
1781612122226636634,2026-06-16T19:15:22.226654,ground_truth,0.140797,0.201000,0.123207,True,,,,,,,,,-0.164691,0.503957,0.519345,0.030976,0.070243,0.145297,0.000000,0.072857,0.029665,0.096320,-0.066920,0.310586,-0.047264,-0.053440,-0.032448
1781612122258801393,2026-06-16T19:15:22.258819,ground_truth,0.138464,0.258000,0.123422,True,,,,,,,,,-0.164691,0.503957,0.519345,0.029669,0.068498,0.145297,0.000000,0.072857,0.027045,0.090720,-0.085540,0.304859,-0.046528,-0.056768,-0.034304
1781612122287342209,2026-06-16T19:15:22.287359,ground_truth,0.138464,0.258000,0.123422,True,,,,,,,,,-0.164149,0.513956,0.519612,0.024429,0.066754,0.140933,0.000000,0.078096,0.024426,0.101640,-0.092260,0.317724,-0.045920,-0.052160,-0.034304
1781612122319539489,2026-06-16T19:15:22.319559,ground_truth,0.137031,0.293000,0.123555,True,,,,,,,,,-0.164149,0.513956,0.519612,0.019634,0.058901,0.135698,0.000000,0.078096,0.021375,0.105700,-0.104440,0.311914,-0.046080,-0.051040,-0.032896
1781612122362861078,2026-06-16T19:15:22.362876,ground_truth,0.137891,0.272000,0.123475,True,,,,,,,,,-0.163628,0.523898,0.519923,0.016138,0.055412,0.132204,0.000000,0.075477,0.016137,0.099120,-0.090440,0.312910,-0.046656,-0.055392,-0.029568
1781612122392235440,2026-06-16T19:15:22.392256,ground_truth,0.138177,0.265000,0.123449,True,,,,,,,,,-0.163628,0.523898,0.519923,0.013087,0.053667,0.132204,0.000000,0.075477,0.013517,0.098840,-0.091140,0.314653,-0.046656,-0.054336,-0.030112
1781612122423216188,2026-06-16T19:15:22.423241,ground_truth,0.139896,0.223000,0.123290,True,,,,,,,,,-0.163162,0.534136,0.520241,0.011342,0.055849,0.131765,0.000000,0.075477,0.013517,0.093520,-0.095480,0.302452,-0.046656,-0.054656,-0.029440
1781612122454581919,2026-06-16T19:15:22.454607,ground_truth,0.140510,0.208000,0.123233,True,,,,,,,,,-0.163162,0.534136,0.520241,0.011342,0.055849,0.131765,0.000000,0.075477,0.013517,0.093520,-0.095480,0.302452,-0.046656,-0.054656,-0.029440
1781612122488735560,2026-06-16T19:15:22.488752,ground_truth,0.138464,0.258000,0.123422,True,,,,,,,,,-0.162769,0.543924,0.520458,0.011342,0.055849,0.131765,0.000000,0.075477,0.013517,0.093520,-0.095480,0.302452,-0.046656,-0.054656,-0.029440
1781612122521026640,2026-06-16T19:15:22.521064,ground_truth,0.141862,0.258000,0.123422,True,,,,,,,,,-0.162769,0.543924,0.520458,0.011342,0.055849,0.131765,0.000000,0.075477,0.013517,0.093520,-0.095480,0.302452,-0.046656,-0.054656,-0.029440
1781612122552264517,2026-06-16T19:15:22.552278,ground_truth,0.140670,0.286000,0.123528,True,,,,,,,,,-0.162450,0.553964,0.520642,0.003051,0.104714,0.171037,0.000000,0.067629,0.000000,-0.065380,-0.036260,0.342873,-0.050048,-0.052000,0.013152
1781612122587335752,2026-06-16T19:15:22.587351,ground_truth,0.138464,0.258000,0.123422,True,,,,,,,,,-0.162450,0.553964,0.520642,0.009598,0.127406,0.193291,0.000000,0.061949,0.010898,-0.084560,-0.029680,0.345944,-0.050496,-0.051648,0.028736
1781612122618144987,2026-06-16T19:15:22.618172,ground_truth,0.137318,0.286000,0.123528,True,,,,,,,,,-0.162154,0.563903,0.520808,0.009598,0.127406,0.193291,0.000000,0.061949,0.010898,-0.084560,-0.029680,0.345944,-0.050496,-0.051648,0.028736
1781612122645439290,2026-06-16T19:15:22.645459,ground_truth,0.136499,0.306000,0.123604,True,,,,,,,,,-0.162154,0.563903,0.520808,0.009598,0.127406,0.193291,0.000000,0.061949,0.010898,-0.084560,-0.029680,0.345944,-0.050496,-0.051648,0.028736
1781612122674196943,2026-06-16T19:15:22.674218,ground_truth,0.135967,0.319000,0.123653,True,,,,,,,,,-0.161827,0.573881,0.520951,0.009598,0.127406,0.193291,0.000000,0.061949,0.010898,-0.084560,-0.029680,0.345944,-0.050496,-0.051648,0.028736
1781612122707503998,2026-06-16T19:15:22.707525,ground_truth,0.135967,0.319000,0.123653,True,,,,,,,,,-0.161827,0.573881,0.520951,0.009598,0.127406,0.193291,0.000000,0.061949,0.010898,-0.084560,-0.029680,0.345944,-0.050496,-0.051648,0.028736
1781612122744348720,2026-06-16T19:15:22.744366,ground_truth,0.132905,0.313000,0.123630,True,,,,,,,,,-0.161426,0.583859,0.521065,0.014394,0.178022,0.245649,0.000000,0.069807,0.016137,-0.075320,-0.062860,0.364536,-0.051552,-0.056608,0.030112
1781612122775270194,2026-06-16T19:15:22.775295,ground_truth,0.132905,0.313000,0.123630,True,,,,,,,,,-0.161426,0.583859,0.521065,0.014394,0.179766,0.250890,0.000000,0.069807,0.016137,-0.078680,-0.061600,0.350260,-0.051552,-0.056832,0.029344
1781612122807462796,2026-06-16T19:15:22.807482,ground_truth,0.132670,0.319000,0.123653,True,,,,,,,,,-0.160929,0.593854,0.521152,0.013087,0.181511,0.256563,0.000000,0.075477,0.013517,-0.084000,-0.063420,0.357315,-0.051872,-0.051200,0.028224
1781612122846081324,2026-06-16T19:15:22.846103,ground_truth,0.132159,0.332000,0.123702,True,,,,,,,,,-0.160929,0.593854,0.521152,0.013087,0.182817,0.260050,0.000000,0.075477,0.013517,-0.076860,-0.075600,0.351256,-0.051872,-0.052704,0.030720
1781612122874290400,2026-06-16T19:15:22.874307,ground_truth,0.127904,0.358000,0.123801,True,,,,,,,,,-0.160329,0.603812,0.521226,0.013087,0.182817,0.258303,0.000000,0.075477,0.013517,-0.075320,-0.098140,0.355904,-0.052160,-0.055104,0.032224
1781612122911714198,2026-06-16T19:15:22.911739,ground_truth,0.130614,0.286000,0.123528,True,,,,,,,,,-0.160329,0.603812,0.521226,0.011780,0.181511,0.258303,0.000000,0.078096,0.010467,-0.077420,-0.080500,0.368105,-0.052160,-0.050656,0.032352
1781612122945411898,2026-06-16T19:15:22.945432,ground_truth,0.129372,0.319000,0.123653,True,,,,,,,,,-0.159451,0.613753,0.521292,0.011780,0.181511,0.258303,0.000000,0.080716,0.010898,-0.079940,-0.085120,0.366279,-0.052480,-0.048928,0.030944
1781612122978544429,2026-06-16T19:15:22.978576,ground_truth,0.125354,0.339000,0.123729,True,,,,,,,,,-0.159451,0.613753,0.521292,0.010029,0.181073,0.262229,0.000000,0.080716,0.010467,-0.084560,-0.089460,0.361133,-0.052928,-0.053984,0.031744
1781612123009157081,2026-06-16T19:15:23.009176,ground_truth,0.124886,0.352000,0.123778,True,,,,,,,,,-0.158401,0.623720,0.521348,0.010029,0.183255,0.262229,0.000000,0.080716,0.007847,-0.075320,-0.098840,0.371591,-0.052928,-0.053888,0.028736
1781612123040617805,2026-06-16T19:15:23.040641,ground_truth,0.118399,0.352000,0.123778,True,,,,,,,,,-0.158401,0.623720,0.521348,0.009598,0.181511,0.261798,0.000000,0.081158,0.007847,-0.076860,-0.094500,0.364868,-0.053152,-0.051712,0.031072
1781612123075047518,2026-06-16T19:15:23.075068,ground_truth,0.118628,0.345000,0.123751,True,,,,,,,,,-0.156941,0.633634,0.521396,0.010029,0.179766,0.263976,0.000000,0.080716,0.010898,-0.078960,-0.093240,0.360718,-0.053504,-0.052160,0.032672
1781612123113489059,2026-06-16T19:15:23.113507,ground_truth,0.115373,0.345000,0.123751,True,,,,,,,,,-0.156941,0.633634,0.521396,0.009598,0.181511,0.263976,0.000000,0.083335,0.007847,-0.065380,-0.112840,0.366279,-0.053504,-0.052000,0.033408
1781612123143653838,2026-06-16T19:15:23.143677,ground_truth,0.114969,0.358000,0.123801,True,,,,,,,,,-0.155131,0.643494,0.521439,0.011780,0.179766,0.267902,0.000000,0.086386,0.010467,-0.053900,-0.103740,0.357813,-0.053664,-0.053216,0.033408
1781612123180546979,2026-06-16T19:15:23.180570,ground_truth,0.111175,0.377000,0.123873,True,,,,,,,,,-0.155131,0.643494,0.521439,0.011780,0.181073,0.269210,0.000000,0.083335,0.010467,-0.062300,-0.113680,0.371093,-0.054560,-0.053280,0.034784
1781612123213341518,2026-06-16T19:15:23.213367,ground_truth,0.106972,0.413000,0.124009,True,,,,,,,,,-0.152830,0.653189,0.521480,0.011780,0.179328,0.271396,0.000000,0.089005,0.010898,-0.076160,-0.106820,0.366279,-0.054560,-0.054720,0.034080
1781612123258115215,2026-06-16T19:15:23.258142,ground_truth,0.103043,0.443000,0.124122,True,,,,,,,,,-0.152830,0.653189,0.521480,0.014831,0.182817,0.269649,0.000000,0.089005,0.013517,-0.096600,-0.108500,0.361133,-0.054880,-0.056160,0.036416
1781612123297031923,2026-06-16T19:15:23.297052,ground_truth,0.104142,0.401000,0.123963,True,,,,,,,,,-0.150041,0.662802,0.521526,0.017889,0.181073,0.271396,0.000000,0.088574,0.016137,-0.077700,-0.136640,0.367607,-0.055168,-0.056320,0.037184
1781612123328385840,2026-06-16T19:15:23.328403,ground_truth,0.099410,0.465000,0.124206,True,,,,,,,,,-0.150041,0.662802,0.521526,0.019634,0.179766,0.271396,0.000000,0.089005,0.018756,-0.075880,-0.145880,0.371757,-0.055776,-0.053984,0.037344
1781612123363667276,2026-06-16T19:15:23.363685,ground_truth,0.096214,0.471000,0.124228,True,,,,,,,,,-0.147296,0.672389,0.521568,0.021378,0.176277,0.271396,0.000000,0.091624,0.021375,-0.098140,-0.126700,0.371259,-0.056064,-0.050720,0.035136
1781612123393615994,2026-06-16T19:15:23.393644,ground_truth,0.093888,0.437000,0.124100,True,,,,,,,,,-0.147296,0.672389,0.521568,0.024429,0.178022,0.267471,0.000000,0.091624,0.021375,-0.105280,-0.149100,0.384456,-0.056384,-0.056544,0.035968
1781612123424344252,2026-06-16T19:15:23.424369,ground_truth,0.090333,0.460000,0.124187,True,,,,,,,,,-0.144652,0.682075,0.521606,0.027487,0.174964,0.271396,0.000000,0.094675,0.027045,-0.068740,-0.147140,0.359058,-0.056672,-0.051328,0.035584
1781612123455360510,2026-06-16T19:15:23.455382,ground_truth,0.089471,0.504000,0.124353,True,,,,,,,,,-0.144652,0.682075,0.521606,0.030976,0.173219,0.267902,0.000000,0.094244,0.029665,-0.077420,-0.148400,0.384456,-0.056992,-0.049152,0.034784
1781612123497472441,2026-06-16T19:15:23.497495,ground_truth,0.087069,0.471000,0.124228,True,,,,,,,,,-0.141951,0.691664,0.521646,0.032720,0.171475,0.267902,0.000000,0.096863,0.035335,-0.093800,-0.127400,0.381385,-0.057280,-0.054208,0.035904
1781612123531294773,2026-06-16T19:15:23.531312,ground_truth,0.087069,0.471000,0.127281,True,,,,,,,,,-0.141951,0.691664,0.521646,0.041012,0.169730,0.265723,0.000000,0.097294,0.040142,-0.100660,-0.156520,0.377982,-0.057600,-0.050432,0.037920
1781612123562457105,2026-06-16T19:15:23.562471,ground_truth,0.086476,0.504000,0.127352,True,,,,,,,,,-0.139271,0.701328,0.521716,0.044069,0.171475,0.265723,0.000000,0.094244,0.043193,-0.087920,-0.171640,0.372089,-0.057504,-0.053440,0.037856
1781612123598170237,2026-06-16T19:15:23.598186,ground_truth,0.083743,0.488000,0.124293,True,,,,,,,,,-0.139271,0.701328,0.521716,0.048865,0.168424,0.265723,0.000000,0.096863,0.048432,-0.076860,-0.184660,0.385867,-0.057824,-0.051936,0.040960
1781612123629153167,2026-06-16T19:15:23.629178,ground_truth,0.083482,0.504000,0.127352,True,,,,,,,,,-0.136635,0.710967,0.521807,0.048865,0.166673,0.263976,0.000000,0.096863,0.051040,-0.091140,-0.156800,0.375575,-0.057824,-0.053152,0.037024
1781612123660971900,2026-06-16T19:15:23.660995,ground_truth,0.080811,0.482000,0.127304,True,,,,,,,,,-0.136635,0.710967,0.521807,0.051923,0.164928,0.263538,0.000000,0.097294,0.051040,-0.102900,-0.167580,0.373500,-0.058112,-0.054048,0.039360
1781612123696386529,2026-06-16T19:15:23.696410,ground_truth,0.080253,0.520000,0.127386,True,,,,,,,,,-0.134114,0.720646,0.521932,0.051923,0.164928,0.263538,0.000000,0.097294,0.051040,-0.102900,-0.167580,0.373500,-0.058112,-0.054048,0.039360
1781612123728318844,2026-06-16T19:15:23.728343,ground_truth,0.077207,0.526000,0.124436,True,,,,,,,,,-0.134114,0.720646,0.521932,0.051923,0.164928,0.263538,0.000000,0.097294,0.051040,-0.102900,-0.167580,0.373500,-0.058112,-0.054048,0.039360
1781612123760563860,2026-06-16T19:15:23.760593,ground_truth,0.074192,0.531000,0.124455,True,,,,,,,,,-0.131690,0.730358,0.522059,0.051923,0.164928,0.263538,0.000000,0.097294,0.051040,-0.102900,-0.167580,0.373500,-0.058112,-0.054048,0.039360
1781612123791447352,2026-06-16T19:15:23.791469,ground_truth,0.074249,0.526000,0.124436,True,,,,,,,,,-0.131690,0.730358,0.522059,0.052354,0.164928,0.263538,0.000000,0.097294,0.054101,-0.112420,-0.160860,0.383958,-0.057824,-0.056320,0.038976
1781612123835019522,2026-06-16T19:15:23.835039,ground_truth,0.071349,0.520000,0.124414,True,,,,,,,,,-0.129267,0.740056,0.522171,0.053667,0.164928,0.269649,0.000000,0.102533,0.056721,-0.104440,-0.179480,0.379642,-0.056768,-0.056768,0.037120
1781612123875265010,2026-06-16T19:15:23.875292,ground_truth,0.071096,0.546000,0.124512,True,,,,,,,,,-0.126809,0.749730,0.522276,0.054105,0.166241,0.271396,0.000000,0.105152,0.054101,-0.090160,-0.186200,0.382962,-0.056608,-0.052608,0.039680
1781612123920261569,2026-06-16T19:15:23.920289,ground_truth,0.068381,0.520000,0.124414,True,,,,,,,,,-0.126809,0.749730,0.522276,0.051923,0.166673,0.277069,0.000000,0.107772,0.051040,-0.097020,-0.211960,0.385701,-0.055552,-0.059328,0.039296
1781612123952412603,2026-06-16T19:15:23.952443,ground_truth,0.068422,0.515000,0.124395,True,,,,,,,,,-0.124210,0.759420,0.522377,0.050609,0.168424,0.278809,0.000000,0.110391,0.051482,-0.110040,-0.213780,0.383792,-0.055552,-0.056832,0.037920
1781612123985154380,2026-06-16T19:15:23.985177,ground_truth,0.068251,0.536000,0.124474,True,,,,,,,,,-0.124210,0.759420,0.522377,0.050609,0.168424,0.278809,0.000000,0.110391,0.051482,-0.096600,-0.211400,0.394748,-0.054336,-0.056896,0.035456
1781612124022764533,2026-06-16T19:15:24.022794,ground_truth,0.068251,0.536000,0.124474,True,,,,,,,,,-0.121546,0.769057,0.522470,0.049303,0.169730,0.278809,0.000000,0.113000,0.048432,-0.079940,-0.223440,0.396989,-0.055104,-0.054432,0.036640
1781612124054830316,2026-06-16T19:15:24.054857,ground_truth,0.065277,0.541000,0.124493,True,,,,,,,,,-0.121546,0.769057,0.522470,0.048865,0.168424,0.280556,0.000000,0.116061,0.048432,-0.085120,-0.218820,0.406617,-0.055264,-0.056896,0.038528
1781612124090222687,2026-06-16T19:15:24.090245,ground_truth,0.065206,0.552000,0.124535,True,,,,,,,,,-0.118851,0.778674,0.522536,0.045814,0.169730,0.287977,0.000000,0.115619,0.045812,-0.075880,-0.226800,0.398898,-0.054048,-0.061888,0.040576
1781612124127272691,2026-06-16T19:15:24.127295,ground_truth,0.065342,0.531000,0.124455,True,,,,,,,,,-0.118851,0.778674,0.522536,0.042318,0.168424,0.289724,0.000000,0.118680,0.045812,-0.099400,-0.203000,0.383626,-0.053152,-0.054336,0.037184
1781612124163233068,2026-06-16T19:15:24.163258,ground_truth,0.062266,0.557000,0.124554,True,,,,,,,,,-0.116127,0.788273,0.522575,0.042318,0.169730,0.290155,0.000000,0.121300,0.043193,-0.082040,-0.207900,0.394997,-0.052832,-0.057280,0.035232
1781612124197017300,2026-06-16T19:15:24.197033,ground_truth,0.062368,0.536000,0.124474,True,,,,,,,,,-0.116127,0.788273,0.522575,0.042756,0.171475,0.294081,0.000000,0.121300,0.043193,-0.074060,-0.232120,0.404957,-0.052704,-0.056448,0.036864
1781612124230288628,2026-06-16T19:15:24.230308,ground_truth,0.059311,0.572000,0.124610,True,,,,,,,,,-0.113316,0.797857,0.522569,0.044069,0.171475,0.295397,0.000000,0.123908,0.040142,-0.064120,-0.245700,0.403048,-0.052832,-0.057216,0.038688
1781612124261051455,2026-06-16T19:15:24.261074,ground_truth,0.059359,0.557000,0.121642,True,,,,,,,,,-0.113316,0.797857,0.522569,0.044069,0.171475,0.295397,0.000000,0.123908,0.040142,-0.064120,-0.245700,0.403048,-0.052832,-0.057216,0.038688
1781612124296581118,2026-06-16T19:15:24.296604,ground_truth,0.059327,0.567000,0.121697,True,,,,,,,,,-0.110418,0.807420,0.522519,0.044069,0.171475,0.295397,0.000000,0.123908,0.040142,-0.064120,-0.245700,0.403048,-0.052832,-0.057216,0.038688
1781612124325682864,2026-06-16T19:15:24.325706,ground_truth,0.059394,0.546000,0.121583,True,,,,,,,,,-0.110418,0.807420,0.522519,0.044069,0.171475,0.295397,0.000000,0.123908,0.040142,-0.064120,-0.245700,0.403048,-0.052832,-0.057216,0.038688
1781612124359413599,2026-06-16T19:15:24.359438,ground_truth,0.059343,0.562000,0.121670,True,,,,,,,,,-0.107455,0.816995,0.522424,0.044069,0.171475,0.299323,0.000000,0.129147,0.042751,-0.066920,-0.247660,0.423632,-0.052224,-0.060000,0.035840
1781612124388134128,2026-06-16T19:15:24.388156,ground_truth,0.059375,0.552000,0.121615,True,,,,,,,,,-0.107455,0.816995,0.522424,0.041012,0.172782,0.301063,0.000000,0.129147,0.040142,-0.079940,-0.250460,0.405953,-0.051936,-0.056992,0.035520
1781612124415832969,2026-06-16T19:15:24.415852,ground_truth,0.056421,0.577000,0.121751,True,,,,,,,,,-0.104456,0.826562,0.522284,0.042756,0.171913,0.304996,0.000000,0.129147,0.043193,-0.089180,-0.244580,0.398566,-0.052384,-0.061056,0.035840
1781612124442243503,2026-06-16T19:15:24.442261,ground_truth,0.056421,0.577000,0.121751,True,,,,,,,,,-0.104456,0.826562,0.522284,0.041012,0.173219,0.302810,0.000000,0.129147,0.043193,-0.113400,-0.233660,0.411099,-0.051648,-0.061664,0.036640
1781612124475529193,2026-06-16T19:15:24.475547,ground_truth,0.056405,0.587000,0.118943,True,,,,,,,,,-0.101507,0.836121,0.522106,0.044069,0.174964,0.304996,0.000000,0.132208,0.043193,-0.081200,-0.259140,0.409771,-0.052224,-0.058272,0.036192
1781612124508550486,2026-06-16T19:15:24.508568,ground_truth,0.053547,0.587000,0.118943,True,,,,,,,,,-0.101507,0.836121,0.522106,0.042756,0.176277,0.304557,0.000000,0.134817,0.040573,-0.093240,-0.276500,0.417656,-0.050880,-0.058560,0.037024
1781612124544231489,2026-06-16T19:15:24.544250,ground_truth,0.053547,0.582000,0.118908,True,,,,,,,,,-0.098634,0.845657,0.521840,0.042756,0.174533,0.306304,0.000000,0.134817,0.045812,-0.081480,-0.279860,0.413340,-0.051488,-0.056224,0.035232
1781612124576790808,2026-06-16T19:15:24.576811,ground_truth,0.053548,0.597000,0.116168,True,,,,,,,,,-0.098634,0.845657,0.521840,0.042756,0.173219,0.308921,0.000000,0.132208,0.043193,-0.106540,-0.271460,0.415581,-0.052544,-0.062176,0.037024
1781612124611006919,2026-06-16T19:15:24.611023,ground_truth,0.050739,0.616000,0.116334,True,,,,,,,,,-0.095805,0.855261,0.521455,0.042318,0.176708,0.314156,0.000000,0.137436,0.043193,-0.089880,-0.271180,0.428446,-0.051776,-0.054112,0.036192
1781612124653275530,2026-06-16T19:15:24.653294,ground_truth,0.050722,0.606000,0.116247,True,,,,,,,,,-0.095805,0.855261,0.521455,0.042756,0.178022,0.317643,0.000000,0.137436,0.043193,-0.088340,-0.287000,0.393088,-0.050880,-0.060896,0.036064
1781612124680049045,2026-06-16T19:15:24.680070,ground_truth,0.050715,0.602000,0.113374,True,,,,,,,,,-0.093039,0.864863,0.520939,0.042756,0.178022,0.317643,0.000000,0.137436,0.043193,-0.088340,-0.287000,0.393088,-0.050880,-0.060896,0.036064
1781612124709275199,2026-06-16T19:15:24.709294,ground_truth,0.050748,0.621000,0.113571,True,,,,,,,,,-0.093039,0.864863,0.520939,0.042756,0.178022,0.317643,0.000000,0.137436,0.043193,-0.088340,-0.287000,0.393088,-0.050880,-0.060896,0.036064
1781612124743833818,2026-06-16T19:15:24.743851,ground_truth,0.047993,0.635000,0.113716,True,,,,,,,,,-0.090425,0.874486,0.520247,0.042756,0.178022,0.317643,0.000000,0.137436,0.043193,-0.088340,-0.287000,0.393088,-0.050880,-0.060896,0.036064
1781612124774932714,2026-06-16T19:15:24.774965,ground_truth,0.050764,0.630000,0.110873,True,,,,,,,,,-0.090425,0.874486,0.520247,0.042756,0.178022,0.317643,0.000000,0.137436,0.043193,-0.088340,-0.287000,0.393088,-0.050880,-0.060896,0.036064
1781612124808584673,2026-06-16T19:15:24.808603,ground_truth,0.050748,0.621000,0.110765,True,,,,,,,,,-0.087962,0.884137,0.519440,0.042318,0.181073,0.321576,0.000000,0.145295,0.040573,-0.087360,-0.294140,0.423300,-0.051648,-0.059232,0.035008
1781612124852709501,2026-06-16T19:15:24.852728,ground_truth,0.047959,0.625000,0.108013,True,,,,,,,,,-0.087962,0.884137,0.519440,0.044069,0.181511,0.321576,0.000000,0.143106,0.040142,-0.072520,-0.299460,0.433841,-0.050720,-0.061120,0.039360
1781612124883489256,2026-06-16T19:15:24.883505,ground_truth,0.050722,0.606000,0.107754,True,,,,,,,,,-0.085667,0.893791,0.518480,0.040574,0.181511,0.323316,0.000000,0.140056,0.043193,-0.090720,-0.291620,0.426786,-0.052224,-0.064000,0.038528
1781612124918734480,2026-06-16T19:15:24.918752,ground_truth,0.050698,0.592000,0.107563,True,,,,,,,,,-0.085667,0.893791,0.518480,0.041012,0.184568,0.328989,0.000000,0.145295,0.040573,-0.089880,-0.301280,0.415581,-0.051936,-0.063072,0.037856
1781612124952368536,2026-06-16T19:15:24.952394,ground_truth,0.050731,0.611000,0.105000,True,,,,,,,,,-0.083518,0.903517,0.517315,0.039267,0.188057,0.328989,0.000000,0.145726,0.040573,-0.096040,-0.296240,0.437410,-0.052224,-0.063296,0.036800
1781612124984139987,2026-06-16T19:15:24.984166,ground_truth,0.050748,0.621000,0.105153,True,,,,,,,,,-0.083518,0.903517,0.517315,0.039267,0.189364,0.331175,0.000000,0.145726,0.040573,-0.075600,-0.322000,0.431766,-0.050880,-0.062016,0.036512
1781612125030256317,2026-06-16T19:15:25.030270,ground_truth,0.050739,0.616000,0.102262,True,,,,,,,,,-0.081424,0.913196,0.515855,0.035778,0.188057,0.338588,0.000000,0.148345,0.034903,-0.087360,-0.277060,0.423134,-0.051264,-0.061568,0.035584
1781612125078327523,2026-06-16T19:15:25.078347,ground_truth,0.047959,0.625000,0.102414,True,,,,,,,,,-0.079400,0.922820,0.514212,0.034465,0.195911,0.343829,0.000000,0.150964,0.034903,-0.091420,-0.314580,0.430355,-0.051776,-0.062336,0.038400
1781612125131661744,2026-06-16T19:15:25.131694,ground_truth,0.047959,0.625000,0.099615,True,,,,,,,,,-0.079400,0.922820,0.514212,0.034034,0.196348,0.345569,0.000000,0.148345,0.035335,-0.081480,-0.329840,0.432596,-0.051328,-0.061344,0.037120
1781612125174999054,2026-06-16T19:15:25.175024,ground_truth,0.047946,0.621000,0.096734,True,,,,,,,,,-0.077283,0.933020,0.512249,0.029669,0.194604,0.347755,0.000000,0.148345,0.032284,-0.095760,-0.287280,0.423715,-0.051776,-0.061056,0.037184
1781612125218082893,2026-06-16T19:15:25.218115,ground_truth,0.047959,0.625000,0.096815,True,,,,,,,,,-0.075536,0.942017,0.510010,0.029669,0.198962,0.351242,0.000000,0.150964,0.029665,-0.092680,-0.318920,0.447785,-0.052160,-0.062176,0.035136
1781612125255259870,2026-06-16T19:15:25.255288,ground_truth,0.047993,0.635000,0.094234,True,,,,,,,,,-0.075536,0.942017,0.510010,0.029669,0.204202,0.352989,0.000000,0.148345,0.029665,-0.082040,-0.324520,0.434671,-0.052384,-0.064800,0.035136
1781612125291364470,2026-06-16T19:15:25.291389,ground_truth,0.045214,0.635000,0.091451,True,,,,,,,,,-0.073744,0.951612,0.506765,0.024429,0.204202,0.355168,0.000000,0.150964,0.024426,-0.086380,-0.316400,0.442556,-0.051328,-0.063744,0.031744
1781612125331742642,2026-06-16T19:15:25.331765,ground_truth,0.045234,0.639000,0.088768,True,,,,,,,,,-0.073744,0.951612,0.506765,0.024429,0.204202,0.354737,0.000000,0.148345,0.024426,-0.076160,-0.308140,0.429857,-0.052000,-0.061504,0.033568
1781612125377536477,2026-06-16T19:15:25.377561,ground_truth,0.045119,0.616000,0.085376,True,,,,,,,,,-0.072364,0.958982,0.503185,0.022685,0.210742,0.354737,0.000000,0.148345,0.021375,-0.068180,-0.336840,0.435916,-0.052384,-0.063008,0.033856
1781612125415748451,2026-06-16T19:15:25.415770,ground_truth,0.045189,0.630000,0.080168,True,,,,,,,,,-0.071169,0.964359,0.499607,0.019634,0.210742,0.356915,0.000000,0.145295,0.021375,-0.075880,-0.341600,0.453761,-0.053376,-0.060608,0.033856
1781612125453114194,2026-06-16T19:15:25.453156,ground_truth,0.045144,0.621000,0.077091,True,,,,,,,,,-0.071169,0.964359,0.499607,0.019634,0.212493,0.360841,0.000000,0.150964,0.019198,-0.097580,-0.342860,0.439817,-0.053440,-0.055616,0.036288
1781612125498072001,2026-06-16T19:15:25.498092,ground_truth,0.045189,0.630000,0.074585,True,,,,,,,,,-0.070141,0.967638,0.495298,0.019634,0.215544,0.360841,0.000000,0.148345,0.018756,-0.077420,-0.336000,0.448117,-0.053760,-0.057728,0.038304
1781612125550147763,2026-06-16T19:15:25.550175,ground_truth,0.045144,0.621000,0.074285,True,,,,,,,,,-0.069421,0.968738,0.491179,0.017889,0.217289,0.360841,0.000000,0.142675,0.019198,-0.071260,-0.350840,0.466958,-0.053760,-0.060224,0.037792
1781612125583801695,2026-06-16T19:15:25.583828,ground_truth,0.045144,0.621000,0.071479,True,,,,,,,,,-0.069421,0.968738,0.491179,0.016138,0.218602,0.362588,0.000000,0.142675,0.016137,-0.070000,-0.346500,0.427948,-0.052544,-0.058176,0.037344
1781612125623233427,2026-06-16T19:15:25.623258,ground_truth,0.045164,0.625000,0.068819,True,,,,,,,,,-0.068941,0.968893,0.486976,0.016138,0.218602,0.362588,0.000000,0.142675,0.016137,-0.070000,-0.346500,0.427948,-0.052544,-0.058176,0.037344
1781612125662069950,2026-06-16T19:15:25.662098,ground_truth,0.045119,0.616000,0.068489,True,,,,,,,,,-0.068941,0.968893,0.486976,0.016138,0.218602,0.362588,0.000000,0.142675,0.016137,-0.070000,-0.346500,0.427948,-0.052544,-0.058176,0.037344
1781612125699655314,2026-06-16T19:15:25.699678,ground_truth,0.045164,0.625000,0.068819,True,,,,,,,,,-0.068238,0.969999,0.482646,0.016138,0.218602,0.362588,0.000000,0.142675,0.016137,-0.070000,-0.346500,0.427948,-0.052544,-0.058176,0.037344
1781612125735154179,2026-06-16T19:15:25.735172,ground_truth,0.045144,0.621000,0.065867,True,,,,,,,,,-0.068238,0.969999,0.482646,0.016138,0.218602,0.362588,0.000000,0.142675,0.016137,-0.070000,-0.346500,0.427948,-0.052544,-0.058176,0.037344
1781612125767048400,2026-06-16T19:15:25.767072,ground_truth,0.042242,0.606000,0.065292,True,,,,,,,,,-0.067852,0.970165,0.478107,0.016138,0.218602,0.362588,0.000000,0.142675,0.016137,-0.070000,-0.346500,0.427948,-0.052544,-0.058176,0.037344
1781612125805364443,2026-06-16T19:15:25.805385,ground_truth,0.042308,0.616000,0.062861,True,,,,,,,,,-0.067308,0.969822,0.475074,0.016138,0.218602,0.362588,0.000000,0.142675,0.016137,-0.070000,-0.346500,0.427948,-0.052544,-0.058176,0.037344
1781612125837088871,2026-06-16T19:15:25.837116,ground_truth,0.042308,0.616000,0.060046,True,,,,,,,,,-0.067308,0.969822,0.475074,0.016576,0.217289,0.356915,0.000000,0.137436,0.016137,-0.066640,-0.333200,0.439651,-0.052384,-0.060000,0.035840
1781612125870386971,2026-06-16T19:15:25.870414,ground_truth,0.042275,0.611000,0.057016,True,,,,,,,,,-0.067308,0.969822,0.475074,0.009598,0.113006,0.115185,0.000000,0.000000,0.010898,-0.059500,-0.482580,0.360884,-0.050816,-0.039072,0.032736
1781612125904386878,2026-06-16T19:15:25.904404,ground_truth,0.042275,0.611000,0.054193,True,,,,,,,,,-0.066665,0.968730,0.471135,0.009598,0.088139,0.068938,0.000000,0.008289,0.008289,-0.062300,-0.513660,0.354576,-0.053056,0.032288,0.034176
1781612125942208153,2026-06-16T19:15:25.942232,ground_truth,0.039456,0.611000,0.054193,True,,,,,,,,,-0.066339,0.966325,0.467077,0.008285,0.076790,0.052358,0.000000,0.013517,0.008289,-0.077700,-0.499100,0.352667,-0.053280,0.051200,0.033568
1781612125996511774,2026-06-16T19:15:25.996536,ground_truth,0.036687,0.616000,0.051603,True,,,,,,,,,-0.066339,0.966325,0.467077,0.008285,0.076790,0.052358,0.000000,0.013517,0.008289,-0.077700,-0.499100,0.352667,-0.053280,0.051200,0.033568
1781612126033246263,2026-06-16T19:15:26.033271,ground_truth,0.031066,0.616000,0.045974,True,,,,,,,,,-0.065460,0.963534,0.463212,0.008285,0.076790,0.052358,0.000000,0.013517,0.008289,-0.077700,-0.499100,0.352667,-0.053280,0.051200,0.033568
1781612126065809449,2026-06-16T19:15:26.065835,ground_truth,0.028389,0.625000,0.040823,True,,,,,,,,,-0.065460,0.963534,0.463212,0.008285,0.076790,0.052358,0.000000,0.013517,0.008289,-0.077700,-0.499100,0.352667,-0.053280,0.051200,0.033568
1781612126099048715,2026-06-16T19:15:26.099071,ground_truth,0.028389,0.625000,0.038024,True,,,,,,,,,-0.063520,0.962033,0.458958,0.006540,0.029231,0.048432,0.000000,0.072857,0.005228,-0.061880,-0.462140,0.110556,-0.052544,0.055712,0.031904
1781612126133452806,2026-06-16T19:15:26.133474,ground_truth,0.025676,0.630000,0.035506,True,,,,,,,,,-0.063520,0.962033,0.458958,0.006540,0.029231,0.057592,0.000000,0.085954,0.007847,-0.061320,-0.456820,0.110224,-0.051328,0.054112,0.032064
1781612126167017071,2026-06-16T19:15:26.167038,ground_truth,0.025528,0.621000,0.034999,True,,,,,,,,,-0.061243,0.962126,0.454381,0.010029,0.031414,0.070686,0.000000,0.105152,0.007847,-0.050820,-0.478240,0.099932,-0.051040,0.055840,0.032672
1781612126198382464,2026-06-16T19:15:26.198409,ground_truth,0.025825,0.639000,0.033237,True,,,,,,,,,-0.061243,0.962126,0.454381,0.009598,0.030976,0.080284,0.000000,0.118680,0.010898,-0.068460,-0.476980,0.098189,-0.051712,0.054656,0.031232
1781612126238140197,2026-06-16T19:15:26.238162,ground_truth,0.025676,0.630000,0.032715,True,,,,,,,,,-0.058739,0.962810,0.449869,0.009598,0.032720,0.085519,0.000000,0.118680,0.010467,-0.074620,-0.463120,0.086652,-0.052480,0.055264,0.034080
1781612126277694622,2026-06-16T19:15:26.277710,ground_truth,0.023143,0.644000,0.030758,True,,,,,,,,,-0.056822,0.963354,0.446341,0.011342,0.023122,0.113445,0.000000,0.134817,0.010898,-0.070280,-0.491260,0.081506,-0.054272,0.053888,0.033280
1781612126313192043,2026-06-16T19:15:26.313215,ground_truth,0.025990,0.649000,0.031056,True,,,,,,,,,-0.056822,0.963354,0.446341,0.011342,0.023122,0.113445,0.000000,0.134817,0.010898,-0.070280,-0.491260,0.081506,-0.054272,0.053888,0.033280
1781612126345164578,2026-06-16T19:15:26.345181,ground_truth,0.023143,0.644000,0.027990,True,,,,,,,,,-0.054683,0.965538,0.442469,0.011342,0.023122,0.113445,0.000000,0.134817,0.010898,-0.070280,-0.491260,0.081506,-0.054272,0.053888,0.033280
1781612126376741332,2026-06-16T19:15:26.376756,ground_truth,0.023052,0.639000,0.027683,True,,,,,,,,,-0.054683,0.965538,0.442469,0.011342,0.023122,0.113445,0.000000,0.134817,0.010898,-0.070280,-0.491260,0.081506,-0.054272,0.053888,0.033280
1781612126408726053,2026-06-16T19:15:26.408747,ground_truth,0.025825,0.639000,0.027683,True,,,,,,,,,-0.052442,0.968641,0.438537,0.011342,0.023122,0.113445,0.000000,0.134817,0.010898,-0.070280,-0.491260,0.081506,-0.054272,0.053888,0.033280
1781612126435843492,2026-06-16T19:15:26.435864,ground_truth,0.025759,0.635000,0.027438,True,,,,,,,,,-0.052442,0.968641,0.438537,0.011342,0.023122,0.113445,0.000000,0.134817,0.010898,-0.070280,-0.491260,0.081506,-0.054272,0.053888,0.033280
1781612126469154907,2026-06-16T19:15:26.469173,ground_truth,0.025594,0.625000,0.029625,True,,,,,,,,,-0.052442,0.968641,0.438537,0.013087,0.021378,0.116932,0.000000,0.132208,0.013517,-0.072800,-0.500220,0.080012,-0.054880,0.059392,0.032448
1781612126505920022,2026-06-16T19:15:26.505945,ground_truth,0.025528,0.621000,0.029386,True,,,,,,,,,-0.050225,0.972006,0.434742,0.027925,0.004796,0.130025,0.000000,0.131766,0.024426,-0.071820,-0.485380,0.083581,-0.056544,0.053376,0.031456
1781612126537197161,2026-06-16T19:15:26.537220,ground_truth,0.025676,0.630000,0.029923,True,,,,,,,,,-0.050225,0.972006,0.434742,0.029669,0.013087,0.107772,0.000000,0.126528,0.032284,-0.085120,-0.476140,0.100264,-0.057440,0.047424,0.034016
1781612126567974543,2026-06-16T19:15:26.567993,ground_truth,0.020279,0.639000,0.027683,True,,,,,,,,,-0.048307,0.975080,0.431228,0.030976,0.017889,0.098604,0.000000,0.121300,0.032284,-0.083300,-0.472640,0.097525,-0.057888,0.046880,0.034784
1781612126601350616,2026-06-16T19:15:26.601375,ground_truth,0.020556,0.653000,0.028541,True,,,,,,,,,-0.048307,0.975080,0.431228,0.032720,0.029231,0.078098,0.000000,0.110391,0.032284,-0.093520,-0.439880,0.106489,-0.059104,0.047264,0.033856
1781612126629626329,2026-06-16T19:15:26.629653,ground_truth,0.020002,0.625000,0.029625,True,,,,,,,,,-0.046637,0.977977,0.428196,0.032720,0.034034,0.066752,0.000000,0.102533,0.032284,-0.093520,-0.456820,0.122425,-0.059616,0.041536,0.035072
1781612126660347893,2026-06-16T19:15:26.660372,ground_truth,0.020279,0.639000,0.030460,True,,,,,,,,,-0.046637,0.977977,0.428196,0.032720,0.038829,0.054098,0.000000,0.091624,0.032284,-0.095760,-0.454020,0.121263,-0.059680,0.047936,0.035072
1781612126692235007,2026-06-16T19:15:26.692256,ground_truth,0.020002,0.625000,0.029625,True,,,,,,,,,-0.045557,0.980706,0.427127,0.032283,0.050609,0.027919,0.000000,0.078096,0.032284,-0.077700,-0.455000,0.129314,-0.060448,0.042368,0.036192
1781612126719638460,2026-06-16T19:15:26.719663,ground_truth,0.020002,0.625000,0.032425,True,,,,,,,,,-0.045557,0.980706,0.427127,0.030976,0.057156,0.013086,0.000000,0.069807,0.029665,-0.094500,-0.466480,0.132468,-0.060896,0.041024,0.035360
1781612126750620426,2026-06-16T19:15:26.750637,ground_truth,0.020200,0.635000,0.033005,True,,,,,,,,,-0.045112,0.979532,0.427185,0.030976,0.068498,0.007413,0.000000,0.054101,0.029665,-0.082740,-0.434840,0.342707,-0.061504,0.037120,0.032128
1781612126778278828,2026-06-16T19:15:26.778300,ground_truth,0.019923,0.621000,0.032193,True,,,,,,,,,-0.045112,0.979532,0.427185,0.030976,0.068498,0.007413,0.000000,0.054101,0.029665,-0.082740,-0.434840,0.342707,-0.061504,0.037120,0.032128
1781612126812315831,2026-06-16T19:15:26.812349,ground_truth,0.020101,0.630000,0.032715,True,,,,,,,,,-0.044472,0.977426,0.427425,0.030976,0.068498,0.007413,0.000000,0.054101,0.029665,-0.082740,-0.434840,0.342707,-0.061504,0.037120,0.032128
1781612126853239503,2026-06-16T19:15:26.853263,ground_truth,0.017314,0.630000,0.032715,True,,,,,,,,,-0.044472,0.977426,0.427425,0.030976,0.068498,0.007413,0.000000,0.054101,0.029665,-0.082740,-0.434840,0.342707,-0.061504,0.037120,0.032128
1781612126880365436,2026-06-16T19:15:26.880394,ground_truth,0.017421,0.635000,0.030221,True,,,,,,,,,-0.043654,0.974736,0.428377,0.030976,0.068498,0.007413,0.000000,0.054101,0.029665,-0.082740,-0.434840,0.342707,-0.061504,0.037120,0.032128
1781612126911817900,2026-06-16T19:15:26.911844,ground_truth,0.014641,0.635000,0.030221,True,,,,,,,,,-0.043654,0.974736,0.428377,0.030976,0.068498,0.007413,0.000000,0.054101,0.029665,-0.082740,-0.434840,0.342707,-0.061504,0.037120,0.032128
1781612126943665332,2026-06-16T19:15:26.943685,ground_truth,0.012084,0.644000,0.030758,True,,,,,,,,,-0.041849,0.973906,0.428663,0.024429,0.096423,0.090753,0.000000,0.007847,0.023995,-0.070000,-0.452900,0.358477,-0.061664,0.038528,0.032064
1781612126978163485,2026-06-16T19:15:26.978181,ground_truth,0.009188,0.639000,0.030460,True,,,,,,,,,-0.041849,0.973906,0.428663,0.023122,0.094679,0.095117,0.000000,0.000000,0.021375,-0.062860,-0.475720,0.362627,-0.061952,0.037792,0.032288
1781612127020080326,2026-06-16T19:15:27.020103,ground_truth,0.009320,0.644000,0.027990,True,,,,,,,,,-0.039974,0.975276,0.428621,0.021378,0.083336,0.091192,0.000000,0.002609,0.021375,-0.063140,-0.505820,0.351505,-0.061952,0.017376,0.031840
1781612127057164550,2026-06-16T19:15:27.057184,ground_truth,0.006807,0.653000,0.025788,True,,,,,,,,,-0.039974,0.975276,0.428621,0.017889,0.066754,0.070686,0.000000,0.002609,0.016137,-0.053900,-0.510440,0.340300,-0.061952,-0.005024,0.034400
1781612127094836479,2026-06-16T19:15:27.094859,ground_truth,0.006807,0.653000,0.023034,True,,,,,,,,,-0.038218,0.978107,0.428206,0.014831,0.045814,0.046685,0.000000,0.000000,0.016137,-0.049840,-0.536900,0.332166,-0.061888,-0.017088,0.031744
1781612127129508056,2026-06-16T19:15:27.129533,ground_truth,0.004324,0.662000,0.023615,True,,,,,,,,,-0.038218,0.978107,0.428206,0.014831,0.029231,0.023993,0.000000,0.003051,0.013517,-0.057260,-0.539280,0.317807,-0.061888,-0.001120,0.030944
1781612127164923430,2026-06-16T19:15:27.164958,ground_truth,0.004324,0.662000,0.023615,True,,,,,,,,,-0.035954,0.979860,0.427222,0.013087,0.011342,0.001740,0.000000,0.002609,0.010898,-0.067760,-0.544880,0.314985,-0.061728,0.026176,0.032064
1781612127196626484,2026-06-16T19:15:27.196653,ground_truth,0.004739,0.676000,0.024519,True,,,,,,,,,-0.035954,0.979860,0.427222,0.014831,0.003051,0.026179,0.000000,0.018756,0.013517,-0.071260,-0.798560,0.101841,-0.059776,0.040128,0.030624
1781612127228246839,2026-06-16T19:15:27.228275,ground_truth,0.002152,0.680000,0.022069,True,,,,,,,,,-0.034415,0.983395,0.426676,0.016576,0.023122,0.051919,0.000000,0.027045,0.016137,-0.069020,-0.853720,0.087897,-0.059168,0.038304,0.029792
1781612127260247070,2026-06-16T19:15:27.260269,ground_truth,0.002152,0.680000,0.022069,True,,,,,,,,,-0.034415,0.983395,0.426676,0.018320,0.036209,0.070686,0.000000,0.032284,0.016137,-0.069440,-0.897400,0.101343,-0.058720,0.036288,0.031680
1781612127292173454,2026-06-16T19:15:27.292196,ground_truth,-0.000850,0.671000,0.018749,True,,,,,,,,,-0.032614,0.988546,0.425571,0.017889,0.039267,0.072425,0.000000,0.032284,0.018756,-0.075600,-0.873460,0.117777,-0.059008,0.035296,0.031008
1781612127330339915,2026-06-16T19:15:27.330356,ground_truth,-0.001146,0.662000,0.018138,True,,,,,,,,,-0.032614,0.988546,0.425571,0.021378,0.032720,0.054098,0.000000,0.021375,0.021375,-0.091140,-0.805560,0.110390,-0.059008,0.036960,0.031072
1781612127378210617,2026-06-16T19:15:27.378232,ground_truth,-0.001146,0.662000,0.018138,True,,,,,,,,,-0.030339,0.994024,0.424070,0.021378,0.032720,0.054098,0.000000,0.021375,0.021375,-0.091140,-0.805560,0.110390,-0.059008,0.036960,0.031072
1781612127412570543,2026-06-16T19:15:27.412593,ground_truth,-0.001278,0.658000,0.015121,True,,,,,,,,,-0.028299,0.998300,0.422573,0.021378,0.032720,0.054098,0.000000,0.021375,0.021375,-0.091140,-0.805560,0.110390,-0.059008,0.036960,0.031072
1781612127448584900,2026-06-16T19:15:27.448630,ground_truth,-0.003708,0.667000,0.013016,True,,,,,,,,,-0.028299,0.998300,0.422573,0.021378,0.032720,0.054098,0.000000,0.021375,0.021375,-0.091140,-0.805560,0.110390,-0.059008,0.036960,0.031072
1781612127480673882,2026-06-16T19:15:27.480715,ground_truth,-0.005784,0.685000,0.011596,True,,,,,,,,,-0.026020,1.002076,0.420600,0.021378,0.032720,0.054098,0.000000,0.021375,0.021375,-0.091140,-0.805560,0.110390,-0.059008,0.036960,0.031072
1781612127512221862,2026-06-16T19:15:27.512279,ground_truth,-0.008670,0.680000,0.008522,True,,,,,,,,,-0.026020,1.002076,0.420600,0.021378,0.032720,0.054098,0.000000,0.021375,0.021375,-0.091140,-0.805560,0.110390,-0.059008,0.036960,0.031072
1781612127546774985,2026-06-16T19:15:27.546796,ground_truth,-0.008670,0.680000,0.008522,True,,,,,,,,,-0.023810,1.006343,0.418131,0.021378,0.032720,0.054098,0.000000,0.021375,0.021375,-0.091140,-0.805560,0.110390,-0.059008,0.036960,0.031072
1781612127578603959,2026-06-16T19:15:27.578620,ground_truth,-0.008670,0.680000,0.005813,True,,,,,,,,,-0.023810,1.006343,0.418131,0.022685,0.068498,0.124791,0.000000,0.053659,0.021375,-0.060760,-0.442260,0.387776,-0.055840,-0.054784,0.030112
1781612127611214354,2026-06-16T19:15:27.611233,ground_truth,-0.008330,0.689000,0.006498,True,,,,,,,,,-0.021645,1.010955,0.415602,0.019634,0.070243,0.130025,0.000000,0.056279,0.019198,-0.064120,-0.441700,0.383626,-0.055264,-0.053280,0.029792
1781612127646085363,2026-06-16T19:15:27.646103,ground_truth,-0.011376,0.680000,0.005813,True,,,,,,,,,-0.021645,1.010955,0.415602,0.017889,0.071556,0.126531,0.000000,0.054101,0.019198,-0.073080,-0.452200,0.380389,-0.054944,-0.051328,0.030720
1781612127679191500,2026-06-16T19:15:27.679210,ground_truth,-0.011731,0.671000,0.005129,True,,,,,,,,,-0.019483,1.015034,0.413171,0.016138,0.073301,0.124791,0.000000,0.053659,0.016137,-0.079940,-0.473620,0.390847,-0.054944,-0.053440,0.031168
1781612127713864973,2026-06-16T19:15:27.713897,ground_truth,-0.013711,0.689000,0.003803,True,,,,,,,,,-0.019483,1.015034,0.413171,0.016138,0.079847,0.139185,0.000000,0.064568,0.016137,-0.082460,-0.447580,0.410767,-0.054496,-0.054880,0.030848
1781612127747546413,2026-06-16T19:15:27.747563,ground_truth,-0.013547,0.693000,0.004114,True,,,,,,,,,-0.016977,1.018128,0.410328,0.016576,0.086388,0.154018,0.000000,0.070249,0.016137,-0.091140,-0.444220,0.397570,-0.053440,-0.054048,0.028960
1781612127780567186,2026-06-16T19:15:27.780583,ground_truth,-0.013177,0.702000,0.004814,True,,,,,,,,,-0.016977,1.018128,0.410328,0.016576,0.095992,0.167112,0.000000,0.069807,0.016137,-0.091700,-0.438340,0.385369,-0.052224,-0.053440,0.028224
1781612127817761275,2026-06-16T19:15:27.817788,ground_truth,-0.013341,0.698000,0.001823,True,,,,,,,,,-0.014570,1.020333,0.407597,0.017889,0.099481,0.170599,0.000000,0.070249,0.016137,-0.092680,-0.462700,0.398898,-0.051488,-0.056160,0.031168
1781612127861965611,2026-06-16T19:15:27.861996,ground_truth,-0.013711,0.689000,0.003803,True,,,,,,,,,-0.014570,1.020333,0.407597,0.023122,0.117808,0.187618,0.000000,0.072857,0.024426,-0.102200,-0.435120,0.423466,-0.050144,-0.055488,0.034080
1781612127905240704,2026-06-16T19:15:27.905257,ground_truth,-0.016017,0.698000,0.001823,True,,,,,,,,,-0.012847,1.023308,0.405435,0.026174,0.128712,0.212057,0.000000,0.078096,0.026614,-0.087080,-0.425320,0.417324,-0.048928,-0.054432,0.034400
1781612127941948689,2026-06-16T19:15:27.941971,ground_truth,-0.016017,0.698000,0.001823,True,,,,,,,,,-0.011697,1.026038,0.404205,0.026174,0.142243,0.226890,0.000000,0.078096,0.029665,-0.111860,-0.430220,0.405953,-0.048032,-0.059392,0.033632
1781612127978110134,2026-06-16T19:15:27.978135,ground_truth,-0.015675,0.706000,0.002458,True,,,,,,,,,-0.011697,1.026038,0.404205,0.030976,0.145295,0.221217,0.000000,0.078538,0.029665,-0.102200,-0.470260,0.407530,-0.047936,-0.053152,0.031680
1781612128014480758,2026-06-16T19:15:28.014509,ground_truth,-0.015846,0.702000,0.004814,True,,,,,,,,,-0.010221,1.030083,0.402942,0.029231,0.143988,0.215544,0.000000,0.075477,0.029665,-0.099820,-0.464380,0.410767,-0.047424,-0.052224,0.032288
1781612128047258036,2026-06-16T19:15:28.047278,ground_truth,-0.016573,0.685000,0.003493,True,,,,,,,,,-0.010221,1.030083,0.402942,0.029231,0.135259,0.202458,0.002609,0.065010,0.032284,-0.096600,-0.482580,0.399977,-0.046528,-0.051040,0.030464
1781612128078741376,2026-06-16T19:15:28.078761,ground_truth,-0.016402,0.689000,0.003803,True,,,,,,,,,-0.009002,1.034146,0.402142,0.031414,0.126099,0.183692,0.000000,0.054101,0.029665,-0.074900,-0.469560,0.401803,-0.045760,-0.051040,0.032800
1781612128109206394,2026-06-16T19:15:28.109228,ground_truth,-0.016786,0.680000,0.003104,True,,,,,,,,,-0.009002,1.034146,0.402142,0.029231,0.117808,0.163624,0.000000,0.045812,0.029665,-0.091980,-0.491260,0.380887,-0.045920,-0.046080,0.032736
1781612128142661553,2026-06-16T19:15:28.142684,ground_truth,-0.021185,0.702000,0.002141,True,,,,,,,,,-0.007297,1.036052,0.401351,0.027925,0.106028,0.139624,0.000000,0.034903,0.027045,-0.098560,-0.490700,0.374828,-0.046528,-0.048032,0.034688
1781612128176538063,2026-06-16T19:15:28.176561,ground_truth,-0.021599,0.693000,0.001426,True,,,,,,,,,-0.007297,1.036052,0.401351,0.029669,0.104714,0.133951,0.000000,0.032284,0.029665,-0.097300,-0.502740,0.371591,-0.046528,-0.048160,0.032352
1781612128206325910,2026-06-16T19:15:28.206345,ground_truth,-0.021967,0.685000,0.000792,True,,,,,,,,,-0.005559,1.037278,0.400810,0.029669,0.104714,0.133951,0.000000,0.032284,0.029665,-0.097300,-0.502740,0.371591,-0.046528,-0.048160,0.032352
1781612128235078012,2026-06-16T19:15:28.235105,ground_truth,-0.021599,0.693000,0.001426,True,,,,,,,,,-0.005559,1.037278,0.400810,0.029669,0.104714,0.133951,0.000000,0.032284,0.029665,-0.097300,-0.502740,0.371591,-0.046528,-0.048160,0.032352
1781612128270232600,2026-06-16T19:15:28.270257,ground_truth,-0.021783,0.689000,0.001109,True,,,,,,,,,-0.005559,1.037278,0.400810,0.029669,0.104714,0.133951,0.000000,0.032284,0.029665,-0.097300,-0.502740,0.371591,-0.046528,-0.048160,0.032352
1781612128299409244,2026-06-16T19:15:28.299432,ground_truth,-0.023425,0.711000,0.002855,True,,,,,,,,,-0.004907,1.039438,0.400467,0.029669,0.104714,0.133951,0.000000,0.032284,0.029665,-0.097300,-0.502740,0.371591,-0.046528,-0.048160,0.032352
1781612128328911104,2026-06-16T19:15:28.328927,ground_truth,-0.024045,0.698000,0.001823,True,,,,,,,,,-0.004907,1.039438,0.400467,0.027925,0.099919,0.124352,0.000000,0.027045,0.029665,-0.087640,-0.502180,0.384456,-0.047104,-0.046592,0.033504
1781612128361177720,2026-06-16T19:15:28.361195,ground_truth,-0.026326,0.706000,0.002458,True,,,,,,,,,-0.003208,1.039642,0.400176,0.014394,0.088139,0.135698,0.000000,0.048432,0.018756,-0.079240,-0.466200,0.398732,-0.048864,-0.045760,0.028160
1781612128390900449,2026-06-16T19:15:28.390917,ground_truth,-0.028734,0.711000,0.002855,True,,,,,,,,,-0.003208,1.039642,0.400176,0.014831,0.091190,0.144858,0.000000,0.056721,0.013517,-0.085540,-0.491540,0.387942,-0.049152,-0.044800,0.031840
1781612128425779608,2026-06-16T19:15:28.425793,ground_truth,-0.029193,0.702000,0.002141,True,,,,,,,,,-0.000535,1.039462,0.400353,0.014394,0.091628,0.154018,0.000000,0.061949,0.013517,-0.088620,-0.489440,0.394250,-0.049152,-0.047360,0.030624
1781612128458569031,2026-06-16T19:15:28.458584,ground_truth,-0.029193,0.702000,0.002141,True,,,,,,,,,-0.000535,1.039462,0.400353,0.014394,0.091628,0.154018,0.000000,0.061949,0.013517,-0.088620,-0.489440,0.394250,-0.049152,-0.047360,0.030624
1781612128491767537,2026-06-16T19:15:28.491792,ground_truth,-0.029193,0.702000,0.002141,True,,,,,,,,,0.000948,1.041141,0.400235,0.014394,0.091628,0.154018,0.000000,0.061949,0.013517,-0.088620,-0.489440,0.394250,-0.049152,-0.047360,0.030624
1781612128524491515,2026-06-16T19:15:28.524515,ground_truth,-0.029855,0.689000,0.001109,True,,,,,,,,,0.000948,1.041141,0.400235,0.014831,0.089883,0.156204,0.000000,0.067629,0.013517,-0.091700,-0.476980,0.386033,-0.049088,-0.044928,0.031680
1781612128559120687,2026-06-16T19:15:28.559143,ground_truth,-0.029397,0.698000,0.001823,True,,,,,,,,,0.002741,1.040642,0.399805,0.016138,0.065447,0.119118,0.000000,0.054101,0.018756,-0.093800,-0.547960,0.372587,-0.047872,-0.040480,0.031392
1781612128587405306,2026-06-16T19:15:28.587423,ground_truth,-0.029855,0.689000,0.001109,True,,,,,,,,,0.002741,1.040642,0.399805,0.016576,0.055412,0.100352,0.000000,0.045812,0.018756,-0.090440,-0.534100,0.363457,-0.047584,-0.040128,0.031296
1781612128620157238,2026-06-16T19:15:28.620177,ground_truth,-0.030059,0.685000,0.000792,True,,,,,,,,,0.004628,1.041840,0.399561,0.018320,0.049303,0.089006,0.000000,0.040573,0.018756,-0.079240,-0.530600,0.361050,-0.047264,-0.040864,0.031744
1781612128653959790,2026-06-16T19:15:28.653983,ground_truth,-0.032546,0.689000,0.003803,True,,,,,,,,,0.004628,1.041840,0.399561,0.017889,0.040574,0.070686,0.000000,0.032284,0.019198,-0.095480,-0.535640,0.349762,-0.046528,-0.038752,0.033344
1781612128693489834,2026-06-16T19:15:28.693503,ground_truth,-0.032756,0.685000,0.003493,True,,,,,,,,,0.005812,1.040983,0.399801,0.019634,0.030976,0.055414,0.000000,0.027045,0.019198,-0.103740,-0.536200,0.360552,-0.046368,-0.036640,0.033184
1781612128721960252,2026-06-16T19:15:28.721978,ground_truth,-0.033493,0.671000,0.002404,True,,,,,,,,,0.005812,1.040983,0.399801,0.019634,0.030976,0.055414,0.000000,0.027045,0.019198,-0.103740,-0.536200,0.360552,-0.046368,-0.036640,0.033184
1781612128752278836,2026-06-16T19:15:28.752294,ground_truth,-0.032336,0.693000,0.004114,True,,,,,,,,,0.007237,1.039289,0.400183,0.019634,0.030976,0.055414,0.000000,0.027045,0.019198,-0.103740,-0.536200,0.360552,-0.046368,-0.036640,0.033184
1781612128780547440,2026-06-16T19:15:28.780566,ground_truth,-0.032756,0.685000,0.003493,True,,,,,,,,,0.007237,1.039289,0.400183,0.019634,0.030976,0.055414,0.000000,0.027045,0.019198,-0.103740,-0.536200,0.360552,-0.046368,-0.036640,0.033184
1781612128813017571,2026-06-16T19:15:28.813041,ground_truth,-0.033019,0.680000,0.003104,True,,,,,,,,,0.008905,1.039365,0.400329,0.019634,0.030976,0.055414,0.000000,0.027045,0.019198,-0.103740,-0.536200,0.360552,-0.046368,-0.036640,0.033184
1781612128846103651,2026-06-16T19:15:28.846128,ground_truth,-0.035020,0.693000,0.004114,True,,,,,,,,,0.008905,1.039365,0.400329,0.019634,0.030976,0.055414,0.000000,0.027045,0.019198,-0.103740,-0.536200,0.360552,-0.046368,-0.036640,0.033184
1781612128882194536,2026-06-16T19:15:28.882212,ground_truth,-0.035454,0.685000,0.003493,True,,,,,,,,,0.009624,1.037443,0.400478,0.026174,0.013087,0.024432,0.000000,0.010898,0.027045,-0.107240,-0.511140,0.348019,-0.044256,-0.035680,0.029952
1781612128923276198,2026-06-16T19:15:28.923294,ground_truth,-0.037927,0.689000,0.003803,True,,,,,,,,,0.009624,1.037443,0.400478,0.024429,0.014831,0.026179,0.000000,0.013517,0.023995,-0.120540,-0.527240,0.346691,-0.044416,-0.035840,0.034784
1781612128949947138,2026-06-16T19:15:28.949970,ground_truth,-0.040388,0.693000,0.004114,True,,,,,,,,,0.010182,1.033978,0.400615,0.022685,0.014831,0.025740,0.000000,0.013517,0.027045,-0.120260,-0.537740,0.354742,-0.044416,-0.034080,0.033280
1781612128986120068,2026-06-16T19:15:28.986137,ground_truth,-0.043309,0.689000,0.003803,True,,,,,,,,,0.010182,1.033978,0.400615,0.024429,0.011342,0.024432,0.000000,0.013517,0.023995,-0.117740,-0.539000,0.343869,-0.044256,-0.034176,0.032224
1781612129013907972,2026-06-16T19:15:29.013947,ground_truth,-0.043309,0.689000,0.003803,True,,,,,,,,,0.012327,1.032063,0.400915,0.022685,0.008285,0.016580,0.000000,0.005228,0.021807,-0.127680,-0.553280,0.341877,-0.043808,-0.034304,0.033344
1781612129046162817,2026-06-16T19:15:29.046184,ground_truth,-0.043545,0.685000,0.003493,True,,,,,,,,,0.012327,1.032063,0.400915,0.022685,0.004796,0.007413,0.000000,0.003051,0.021807,-0.136640,-0.560140,0.337893,-0.043808,-0.033952,0.032800
1781612129084886184,2026-06-16T19:15:29.084913,ground_truth,-0.042776,0.698000,0.004503,True,,,,,,,,,0.014539,1.030834,0.401272,0.022685,0.000000,0.000000,0.000000,0.000000,0.021375,-0.128520,-0.588280,0.300377,-0.043520,-0.027456,0.034080
1781612129118569301,2026-06-16T19:15:29.118590,ground_truth,-0.045209,0.702000,0.004814,True,,,,,,,,,0.014539,1.030834,0.401272,0.022685,0.000000,0.000000,0.000000,0.000000,0.021375,-0.128520,-0.588280,0.300377,-0.043520,-0.027456,0.034080
1781612129156763913,2026-06-16T19:15:29.156783,ground_truth,-0.045452,0.698000,0.004503,True,,,,,,,,,0.016363,1.031789,0.401845,0.022685,0.000000,0.000000,0.000000,0.000000,0.021375,-0.128520,-0.588280,0.300377,-0.043520,-0.027456,0.034080
1781612129187284390,2026-06-16T19:15:29.187309,ground_truth,-0.045452,0.698000,0.004503,True,,,,,,,,,0.016363,1.031789,0.401845,0.022685,0.001744,0.002178,0.000000,0.002609,0.021375,-0.112140,-0.689080,0.187829,-0.043520,-0.015648,0.034464
1781612129228335357,2026-06-16T19:15:29.228362,ground_truth,-0.044966,0.706000,0.005125,True,,,,,,,,,0.017743,1.033953,0.401647,0.019196,0.037523,0.070686,0.000000,0.035335,0.021375,-0.125860,-0.871360,0.090802,-0.041248,0.047808,0.029888
1781612129268299702,2026-06-16T19:15:29.268317,ground_truth,-0.044966,0.706000,0.005125,True,,,,,,,,,0.017743,1.033953,0.401647,0.021378,0.042318,0.085519,0.000000,0.042751,0.021375,-0.126980,-0.874440,0.095284,-0.040800,0.050720,0.032800
1781612129302103877,2026-06-16T19:15:29.302125,ground_truth,-0.045756,0.693000,0.004114,True,,,,,,,,,0.019438,1.036000,0.402187,0.021378,0.044069,0.092931,0.002609,0.045812,0.018756,-0.119560,-0.910420,0.102007,-0.040640,0.049152,0.033856
1781612129337655675,2026-06-16T19:15:29.337676,ground_truth,-0.045452,0.698000,0.004503,True,,,,,,,,,0.019438,1.036000,0.402187,0.023122,0.047558,0.094679,0.000000,0.045812,0.023995,-0.119000,-0.885640,0.103501,-0.040192,0.051776,0.034240


============================================================
EXPERIMENT METRICS
  File: experiment_GROUND_TRUTH_20260616_191517.csv
  Total samples: 354
  Task completion time: 12.31 s
  Mode: GROUND TRUTH (no prediction metrics)
  --- Trajectory Smoothness (Robot EE) ---
  Mean Jerk (3D): 12.5980 m/s³
      Jerk X: 2.4606 m/s³
      Jerk Y: 9.5594 m/s³
      Jerk Z: 5.0870 m/s³
  Max Jerk (3D): 116.0279 m/s³
  RMS Jerk (3D): 19.3417 m/s³
============================================================
