ros_timestamp_ns,wall_time,trajectory_mode,meas_x,meas_y,meas_z,filt_x,filt_y,filt_z,is_tracked,pred_x,pred_y,pred_z,mae_x,mae_y,mae_z,inference_ms,buffer_size,robot_ee_x,robot_ee_y,robot_ee_z,j1_vel,j2_vel,j3_vel,j4_vel,j5_vel,j6_vel,j1_eff,j2_eff,j3_eff,j4_eff,j5_eff,j6_eff,role
1786696517141334737,2026-08-14T15:35:17.141367,prediction,0.215320,-0.163000,0.002577,0.215907,-0.184000,0.000908,True,0.066899,0.146304,0.087489,0.149007,0.330304,0.086581,45.62,10,-0.161994,0.280053,0.378524,0.000000,0.000000,0.000000,0.000000,0.000000,0.000000,nan,nan,nan,nan,nan,nan,READY
1786696517190618441,2026-08-14T15:35:17.190634,prediction,0.215320,-0.163000,0.006731,0.215907,-0.184000,0.000908,True,0.086899,0.126304,0.067489,0.129007,0.310304,0.066581,47.93,10,-0.165065,0.271859,0.383363,0.000000,0.000000,0.000000,0.000000,0.000000,0.000000,nan,nan,nan,nan,nan,nan,READY
1786696517244848035,2026-08-14T15:35:17.244873,prediction,0.215320,-0.163000,0.006731,0.215907,-0.184000,0.000908,True,0.106899,0.106304,0.047489,0.109007,0.290304,0.046581,42.93,10,-0.161994,0.280053,0.378524,0.000000,0.000000,0.000000,0.000000,0.000000,0.000000,nan,nan,nan,nan,nan,nan,READY
1786696517268642006,2026-08-14T15:35:17.268675,prediction,0.221980,-0.174000,0.010046,0.215907,-0.184000,0.000908,True,0.126899,0.086304,0.027489,0.089007,0.270304,0.026581,28.75,10,-0.161994,0.280053,0.378524,0.000000,0.000000,0.000000,0.000000,0.000000,0.000000,nan,nan,nan,nan,nan,nan,READY
1786696517326894674,2026-08-14T15:35:17.326915,prediction,0.228447,-0.184000,0.013472,0.215907,-0.184000,0.000908,True,0.146899,0.066304,0.007489,0.069007,0.250304,0.006581,53.21,10,-0.161994,0.280053,0.378524,0.000000,0.000000,0.000000,0.000000,0.000000,0.000000,nan,nan,nan,nan,nan,nan,READY
1786696517365784900,2026-08-14T15:35:17.365837,prediction,0.235816,-0.216000,0.015327,0.215907,-0.184000,0.000908,True,0.166899,0.046304,0.001434,0.049007,0.230304,0.000526,37.15,10,-0.161994,0.280053,0.378524,0.000000,0.000000,0.000000,0.000000,0.000000,0.000000,nan,nan,nan,nan,nan,nan,READY
1786696517410048434,2026-08-14T15:35:17.410120,prediction,0.218479,-0.123000,0.022106,0.215907,-0.184000,0.000908,True,0.186899,0.026304,0.001358,0.029007,0.210304,0.000450,40.27,10,-0.161994,0.280053,0.378524,0.000000,0.000000,0.000000,0.000000,0.000000,0.000000,nan,nan,nan,nan,nan,nan,READY
1786696517446480783,2026-08-14T15:35:17.446505,prediction,0.231901,-0.163000,0.027497,0.215907,-0.184000,0.000908,True,0.206899,0.006304,0.001275,0.009007,0.190304,0.000367,38.01,10,-0.161994,0.280053,0.378524,0.000000,0.000000,0.000000,0.000000,0.000000,0.000000,nan,nan,nan,nan,nan,nan,READY
1786696517484327566,2026-08-14T15:35:17.484344,prediction,0.229566,-0.153000,0.028193,0.215907,-0.184000,0.000908,True,0.213708,-0.013696,0.001218,0.002199,0.170304,0.000310,37.27,10,-0.161994,0.280053,0.378524,0.000000,0.000000,0.000000,0.000000,0.000000,0.000000,nan,nan,nan,nan,nan,nan,READY
1786696517519183216,2026-08-14T15:35:17.519200,prediction,0.238634,-0.174000,0.030903,0.215907,-0.184000,0.000908,True,0.213715,-0.033696,0.001177,0.002192,0.150304,0.000270,34.14,10,-0.161994,0.280053,0.378524,0.000000,0.000000,0.000000,0.000000,0.000000,0.000000,nan,nan,nan,nan,nan,nan,READY
1786696517554089110,2026-08-14T15:35:17.554102,prediction,0.236047,-0.163000,0.031651,0.215907,-0.184000,0.000908,True,0.213715,-0.053696,0.001177,0.002192,0.130304,0.000270,34.63,10,-0.161994,0.280053,0.378524,0.000000,0.000000,0.000000,0.000000,0.000000,0.000000,nan,nan,nan,nan,nan,nan,READY
1786696517589980126,2026-08-14T15:35:17.590002,prediction,0.226638,-0.123000,0.034368,0.215907,-0.184000,0.000908,True,0.213715,-0.073696,0.001177,0.002192,0.110304,0.000270,34.81,10,-0.161994,0.280053,0.378524,0.000000,0.000000,0.000000,0.000000,0.000000,0.000000,nan,nan,nan,nan,nan,nan,READY
1786696517624472686,2026-08-14T15:35:17.624493,prediction,0.236047,-0.163000,0.035804,0.215907,-0.184000,0.000908,True,0.213715,-0.093696,0.001177,0.002192,0.090304,0.000270,34.50,10,-0.161994,0.280053,0.378524,0.000000,0.000000,0.000000,0.000000,0.000000,0.000000,nan,nan,nan,nan,nan,nan,READY
1786696517660944508,2026-08-14T15:35:17.660996,prediction,0.233694,-0.153000,0.040604,0.215907,-0.184000,0.000908,True,0.213715,-0.113696,0.001177,0.002192,0.070304,0.000270,35.95,10,-0.161994,0.280053,0.378524,0.000000,0.000000,0.000000,0.000000,0.000000,0.000000,nan,nan,nan,nan,nan,nan,FOLLOWER
1786696517698937255,2026-08-14T15:35:17.698978,prediction,0.238634,-0.174000,0.043418,0.215907,-0.184000,0.000908,True,0.213715,-0.133696,0.001177,0.002192,0.050304,0.000270,37.66,10,-0.161994,0.280053,0.378524,0.000000,0.000000,0.000000,0.000000,0.000000,0.000000,nan,nan,nan,nan,nan,nan,FOLLOWER
1786696517751286111,2026-08-14T15:35:17.751303,prediction,0.231901,-0.163000,0.044110,0.215907,-0.184000,0.000908,True,0.213715,-0.153696,0.001177,0.002192,0.030304,0.000270,50.29,10,-0.161994,0.280053,0.378524,0.000000,0.000000,0.000000,0.000000,0.000000,0.000000,nan,nan,nan,nan,nan,nan,FOLLOWER
1786696517786321878,2026-08-14T15:35:17.786338,prediction,0.236807,-0.184000,0.046976,0.215907,-0.184000,0.000908,True,0.213715,-0.173696,0.001177,0.002192,0.010304,0.000270,35.33,10,-0.161994,0.280053,0.378524,0.000000,0.000000,0.000000,0.000000,0.000000,0.000000,nan,nan,nan,nan,nan,nan,FOLLOWER
1786696517823878298,2026-08-14T15:35:17.823895,prediction,0.234471,-0.174000,0.047589,0.215907,-0.184000,0.000908,True,0.213715,-0.177125,0.001177,0.002192,0.006875,0.000270,36.23,10,-0.161994,0.280053,0.378524,0.000000,0.000000,0.000000,0.000000,0.000000,0.000000,nan,nan,nan,nan,nan,nan,FOLLOWER
1786696517862280190,2026-08-14T15:35:17.862325,prediction,0.222558,-0.123000,0.054804,0.215907,-0.184000,0.000908,True,0.213715,-0.177125,0.001177,0.002192,0.006875,0.000270,36.99,10,-0.161994,0.280053,0.378524,0.000000,0.000000,0.000000,0.000000,0.000000,0.000000,nan,nan,nan,nan,nan,nan,FOLLOWER
1786696517896703822,2026-08-14T15:35:17.896718,prediction,0.224894,-0.133000,0.058311,0.215907,-0.184000,0.000908,True,0.213715,-0.177125,0.001177,0.002192,0.006875,0.000270,34.83,10,-0.161994,0.280053,0.378524,0.000000,0.000000,0.000000,0.000000,0.000000,0.000000,nan,nan,nan,nan,nan,nan,FOLLOWER
1786696517930422154,2026-08-14T15:35:17.930435,prediction,0.232627,-0.184000,0.059540,0.215907,-0.184000,0.000908,True,0.213715,-0.177125,0.001177,0.002192,0.006875,0.000270,33.38,10,-0.161994,0.280053,0.378524,0.000000,0.000000,0.000000,0.000000,0.000000,0.000000,nan,nan,nan,nan,nan,nan,FOLLOWER
1786696517964641514,2026-08-14T15:35:17.964660,prediction,0.209794,-0.103000,0.064106,0.230947,-0.163093,0.043192,True,0.213715,-0.177125,0.001177,0.017233,0.014031,0.042014,33.94,10,-0.161994,0.280053,0.378524,0.000000,0.000000,0.000000,0.000000,0.000000,0.000000,nan,nan,nan,nan,nan,nan,FOLLOWER
1786696518023417090,2026-08-14T15:35:18.023488,prediction,0.201403,-0.084000,0.069200,0.215907,-0.184000,0.000908,True,0.227890,-0.157125,0.021177,0.011984,0.026875,0.020270,54.78,10,-0.161603,0.282439,0.378565,0.000000,0.000000,0.000000,0.000000,0.000000,0.000000,nan,nan,nan,nan,nan,nan,FOLLOWER
1786696518064794177,2026-08-14T15:35:18.064808,prediction,0.217817,-0.174000,0.068447,0.228131,-0.157227,0.048655,True,0.213736,-0.176822,0.002726,0.014395,0.019595,0.045929,42.34,10,-0.161603,0.282439,0.378565,0.000000,0.000000,0.000000,0.000000,0.000000,0.000000,nan,nan,nan,nan,nan,nan,FOLLOWER
1786696518122086390,2026-08-14T15:35:18.122103,prediction,0.199908,-0.113000,0.071684,0.225549,-0.149205,0.051374,True,0.225266,-0.156822,0.022726,0.000284,0.007617,0.028648,56.67,10,-0.161994,0.280053,0.378524,0.000000,0.000000,0.000000,0.000000,0.000000,0.000000,nan,nan,nan,nan,nan,nan,FOLLOWER
1786696518160559435,2026-08-14T15:35:18.160604,prediction,0.198082,-0.123000,0.075240,0.223018,-0.145468,0.054280,True,0.223104,-0.139980,0.042726,0.000085,0.005488,0.011554,36.19,10,-0.161994,0.280053,0.378524,0.000000,0.000000,0.000000,0.000000,0.000000,0.000000,nan,nan,nan,nan,nan,nan,FOLLOWER
1786696518211786795,2026-08-14T15:35:18.211809,prediction,0.182871,-0.055000,0.078737,0.220101,-0.142054,0.057238,True,0.220633,-0.136567,0.056878,0.000532,0.005486,0.000360,50.51,10,-0.161994,0.280053,0.378524,0.000000,0.000000,0.000000,0.000000,0.000000,0.000000,nan,nan,nan,nan,nan,nan,FOLLOWER
1786696518247474120,2026-08-14T15:35:18.247502,prediction,0.189358,-0.084000,0.081268,0.216988,-0.137157,0.060269,True,0.217819,-0.133562,0.059819,0.000831,0.003595,0.000450,35.57,10,-0.161994,0.280053,0.378524,0.000000,0.000000,0.000000,0.000000,0.000000,0.000000,nan,nan,nan,nan,nan,nan,FOLLOWER
1786696518289380708,2026-08-14T15:35:18.289410,prediction,0.200319,-0.133000,0.078830,0.214763,-0.132498,0.062817,True,0.214941,-0.129184,0.062625,0.000178,0.003314,0.000192,40.83,10,-0.161994,0.280053,0.378524,0.000000,0.000000,0.000000,0.000000,0.000000,0.000000,nan,nan,nan,nan,nan,nan,FOLLOWER
1786696518337511456,2026-08-14T15:35:18.337533,prediction,0.202884,-0.163000,0.077337,0.212380,-0.129966,0.065079,True,0.212831,-0.124880,0.064854,0.000452,0.005086,0.000225,47.29,10,-0.161994,0.280053,0.378524,0.000000,0.000000,0.000000,0.000000,0.000000,0.000000,nan,nan,nan,nan,nan,nan,FOLLOWER
1786696518371805786,2026-08-14T15:35:18.371834,prediction,0.198443,-0.143000,0.082452,0.210149,-0.128393,0.067635,True,0.210401,-0.122829,0.066721,0.000252,0.005565,0.000913,32.87,10,-0.161994,0.280053,0.378524,0.000000,0.000000,0.000000,0.000000,0.000000,0.000000,nan,nan,nan,nan,nan,nan,FOLLOWER
1786696518410339555,2026-08-14T15:35:18.410414,prediction,0.209989,-0.195000,0.079951,0.208361,-0.127492,0.069833,True,0.208486,-0.121918,0.068821,0.000125,0.005574,0.001012,36.18,10,-0.161994,0.280053,0.378524,0.000000,0.000000,0.000000,0.000000,0.000000,0.000000,nan,nan,nan,nan,nan,nan,FOLLOWER
1786696518449239448,2026-08-14T15:35:18.449433,prediction,0.205791,-0.195000,0.084157,0.206449,-0.128432,0.072271,True,0.206622,-0.121193,0.070889,0.000172,0.007239,0.001382,38.06,10,-0.161994,0.280053,0.378524,0.000000,0.000000,0.000000,0.000000,0.000000,0.000000,nan,nan,nan,nan,nan,nan,FOLLOWER
1786696518479193471,2026-08-14T15:35:18.479225,prediction,0.179124,-0.074000,0.089778,0.203554,-0.129740,0.074602,True,0.204860,-0.122844,0.072860,0.001306,0.006896,0.001743,30.16,10,-0.161994,0.280053,0.378524,0.000000,0.000000,0.000000,0.000000,0.000000,0.000000,nan,nan,nan,nan,nan,nan,FOLLOWER
1786696518513625609,2026-08-14T15:35:18.513657,prediction,0.181469,-0.103000,0.088431,0.200659,-0.128401,0.076610,True,0.202043,-0.124473,0.075149,0.001384,0.003928,0.001462,32.82,10,-0.161916,0.281651,0.380121,0.000000,0.000000,0.000000,0.000000,0.000000,0.000000,nan,nan,nan,nan,nan,nan,FOLLOWER
1786696518553586847,2026-08-14T15:35:18.553607,prediction,0.199187,-0.184000,0.084668,0.198429,-0.126534,0.078286,True,0.199207,-0.123265,0.077166,0.000778,0.003269,0.001120,37.55,10,-0.161994,0.280053,0.378524,0.000000,0.000000,0.000000,0.000000,0.000000,0.000000,nan,nan,nan,nan,nan,nan,FOLLOWER
1786696518577086188,2026-08-14T15:35:18.577108,prediction,0.199187,-0.184000,0.084668,0.198429,-0.126534,0.078286,True,0.197000,-0.121379,0.078826,0.001429,0.005154,0.000541,24.33,10,-0.161994,0.280053,0.378524,0.000000,0.000000,0.000000,0.000000,0.000000,0.000000,nan,nan,nan,nan,nan,nan,FOLLOWER
1786696518644684796,2026-08-14T15:35:18.644701,prediction,0.167002,-0.055000,0.094636,0.195577,-0.124560,0.080321,True,0.194200,-0.119375,0.080864,0.001377,0.005185,0.000543,37.73,10,-0.161727,0.281564,0.380035,0.000000,0.000000,0.000000,0.000000,0.000000,0.000000,nan,nan,nan,nan,nan,nan,FOLLOWER
1786696518776870120,2026-08-14T15:35:18.776885,prediction,0.175891,-0.153000,0.094382,0.191057,-0.125260,0.083573,True,0.192516,-0.119521,0.082317,0.001460,0.005739,0.001255,46.18,10,-0.160739,0.289092,0.388092,0.000000,0.000000,0.000000,0.000000,0.000000,0.000000,nan,nan,nan,nan,nan,nan,FOLLOWER
1786696518823103700,2026-08-14T15:35:18.823142,prediction,0.135679,-0.000000,0.100984,0.191057,-0.125260,0.083573,True,0.189837,-0.120173,0.083985,0.001220,0.005087,0.000412,44.90,10,-0.159991,0.294666,0.394916,0.000000,0.000000,0.000000,0.000000,0.000000,0.000000,nan,nan,nan,nan,nan,nan,FOLLOWER
1786696519066748455,2026-08-14T15:35:19.066769,prediction,0.087645,0.087000,0.104739,0.183572,-0.125372,0.085776,True,0.182774,-0.120539,0.086238,0.000798,0.004833,0.000462,35.40,10,-0.156578,0.313003,0.418406,0.000000,0.000000,0.000000,0.000000,0.000000,0.000000,nan,nan,nan,nan,nan,nan,FOLLOWER
1786696519135437624,2026-08-14T15:35:19.135480,prediction,0.076909,0.104000,0.109185,0.169117,-0.102380,0.089975,True,0.175532,-0.109836,0.088673,0.006416,0.007456,0.001302,44.58,10,-0.154834,0.319348,0.426451,0.000000,0.000000,0.000000,0.000000,0.000000,0.000000,nan,nan,nan,nan,nan,nan,FOLLOWER
1786696519176602785,2026-08-14T15:35:19.176619,prediction,0.076909,0.104000,0.109185,0.169117,-0.102380,0.089975,True,0.168483,-0.096293,0.090958,0.000634,0.006087,0.000983,37.50,10,-0.152541,0.325052,0.433724,0.000000,0.000000,0.000000,0.000000,0.000000,0.000000,nan,nan,nan,nan,nan,nan,FOLLOWER
1786696519248876027,2026-08-14T15:35:19.248892,prediction,0.071200,0.095000,0.108811,0.161240,-0.090289,0.091811,True,0.160724,-0.083402,0.092956,0.000515,0.006888,0.001145,57.93,10,-0.149262,0.330894,0.441123,0.000000,0.000000,0.000000,0.000000,0.000000,0.000000,nan,nan,nan,nan,nan,nan,FOLLOWER
1786696519291545572,2026-08-14T15:35:19.291578,prediction,0.061295,0.128000,0.110181,0.151971,-0.077845,0.093901,True,0.151784,-0.070246,0.095131,0.000187,0.007598,0.001230,35.89,10,-0.145009,0.336629,0.447967,0.000000,0.000000,0.000000,0.000000,0.000000,0.000000,nan,nan,nan,nan,nan,nan,FOLLOWER
1786696519346818949,2026-08-14T15:35:19.346863,prediction,0.053228,0.132000,0.110347,0.141994,-0.061436,0.096102,True,0.142111,-0.052822,0.097403,0.000117,0.008613,0.001301,31.34,10,-0.145009,0.336629,0.447967,0.000000,0.000000,0.000000,0.000000,0.000000,0.000000,nan,nan,nan,nan,nan,nan,FOLLOWER
1786696519385644344,2026-08-14T15:35:19.385669,prediction,0.058383,0.104000,0.109185,0.132657,-0.043701,0.097884,True,0.133040,-0.034056,0.099189,0.000383,0.009644,0.001305,35.17,10,-0.138618,0.342836,0.453721,0.000000,0.000000,0.000000,0.000000,0.000000,0.000000,nan,nan,nan,nan,nan,nan,FOLLOWER
1786696519451581135,2026-08-14T15:35:19.451607,prediction,0.048080,0.120000,0.109849,0.121863,-0.025060,0.099877,True,0.122887,-0.014549,0.101094,0.001024,0.010511,0.001216,46.69,10,-0.132606,0.348457,0.457928,0.000000,0.000000,0.000000,0.000000,0.000000,0.000000,nan,nan,nan,nan,nan,nan,FOLLOWER
1786696519510751852,2026-08-14T15:35:19.510767,prediction,0.039302,0.128000,0.110181,0.111349,-0.004532,0.101590,True,0.112979,0.005451,0.102681,0.001630,0.009983,0.001091,47.25,10,-0.126921,0.353939,0.461014,0.000000,0.000000,0.000000,0.000000,0.000000,0.000000,nan,nan,nan,nan,nan,nan,FOLLOWER
1786696519557144770,2026-08-14T15:35:19.557167,prediction,0.039302,0.128000,0.110181,0.102027,0.016373,0.102950,True,0.104024,0.025451,0.103897,0.001996,0.009077,0.000947,40.37,10,-0.120435,0.360678,0.463840,0.000000,0.000000,0.000000,0.000000,0.000000,0.000000,nan,nan,nan,nan,nan,nan,FOLLOWER
1786696519610497255,2026-08-14T15:35:19.610535,prediction,0.025700,0.164000,0.111675,0.091875,0.032875,0.104444,True,0.095065,0.044453,0.105117,0.003190,0.011578,0.000672,34.92,10,-0.120435,0.360678,0.463840,0.000000,0.000000,0.000000,0.000000,0.000000,0.000000,nan,nan,nan,nan,nan,nan,FOLLOWER
1786696519662392905,2026-08-14T15:35:19.662451,prediction,0.025700,0.164000,0.111675,0.080309,0.049348,0.106245,True,0.085260,0.060148,0.106592,0.004951,0.010800,0.000347,40.12,10,-0.114586,0.367418,0.465955,0.000000,0.000000,0.000000,0.000000,0.000000,0.000000,nan,nan,nan,nan,nan,nan,FOLLOWER
1786696519717278066,2026-08-14T15:35:19.717295,prediction,0.017804,0.168000,0.111841,0.060180,0.084907,0.108690,True,0.076657,0.077000,0.107455,0.016477,0.007907,0.001235,47.18,10,-0.108687,0.375293,0.467671,0.000000,0.000000,0.000000,0.000000,0.000000,0.000000,nan,nan,nan,nan,nan,nan,FOLLOWER
1786696519757655694,2026-08-14T15:35:19.757675,prediction,0.017804,0.168000,0.111841,0.060180,0.084907,0.108690,True,0.067248,0.094882,0.108497,0.007069,0.009975,0.000193,39.75,10,-0.103206,0.382940,0.469145,0.000000,0.000000,0.000000,0.000000,0.000000,0.000000,nan,nan,nan,nan,nan,nan,FOLLOWER
1786696519815290258,2026-08-14T15:35:19.815303,prediction,0.004515,0.183000,0.112464,0.043520,0.123055,0.110452,True,0.057291,0.113201,0.109467,0.013771,0.009854,0.000985,46.31,10,-0.103206,0.382940,0.469145,0.000000,0.000000,0.000000,0.000000,0.000000,0.000000,nan,nan,nan,nan,nan,nan,FOLLOWER
1786696519859287255,2026-08-14T15:35:19.859302,prediction,0.000698,0.206000,0.116962,0.043520,0.123055,0.110452,True,0.050425,0.133201,0.110010,0.006905,0.010146,0.000442,39.77,10,-0.097424,0.391276,0.470588,0.000000,0.000000,0.000000,0.000000,0.000000,0.000000,nan,nan,nan,nan,nan,nan,FOLLOWER
1786696519913735279,2026-08-14T15:35:19.913933,prediction,-0.006376,0.206000,0.116962,0.032200,0.142277,0.111583,True,0.045313,0.142654,0.110408,0.013113,0.000377,0.001175,41.16,10,-0.092210,0.399318,0.471734,0.000000,0.000000,0.000000,0.000000,0.000000,0.000000,nan,nan,nan,nan,nan,nan,FOLLOWER
1786696519958770508,2026-08-14T15:35:19.958791,prediction,-0.012395,0.243000,0.118436,0.026627,0.149895,0.112225,True,0.040822,0.149331,0.110686,0.014195,0.000564,0.001539,46.44,10,-0.086456,0.408634,0.472935,0.000000,0.000000,0.000000,0.000000,0.000000,0.000000,nan,nan,nan,nan,nan,nan,FOLLOWER
1786696520001848346,2026-08-14T15:35:20.001871,prediction,-0.014583,0.235000,0.118117,0.021569,0.158406,0.112754,True,0.036487,0.155136,0.111102,0.014918,0.003269,0.001652,40.92,10,-0.086456,0.408634,0.472935,0.000000,0.000000,0.000000,0.000000,0.000000,0.000000,nan,nan,nan,nan,nan,nan,FOLLOWER
1786696520054864923,2026-08-14T15:35:20.054884,prediction,-0.015840,0.221000,0.117560,0.016964,0.165814,0.113235,True,0.032212,0.162387,0.111484,0.015248,0.003428,0.001750,52.65,10,-0.081501,0.417229,0.473876,0.000000,0.000000,0.000000,0.000000,0.000000,0.000000,nan,nan,nan,nan,nan,nan,FOLLOWER
1786696520094754108,2026-08-14T15:35:20.094775,prediction,-0.026135,0.264000,0.119273,0.011330,0.173003,0.113907,True,0.028414,0.168634,0.111837,0.017084,0.004369,0.002070,34.46,10,-0.076790,0.425588,0.474735,0.000000,0.000000,0.000000,0.000000,0.000000,0.000000,nan,nan,nan,nan,nan,nan,FOLLOWER
1786696520135316722,2026-08-14T15:35:20.135331,prediction,-0.026135,0.264000,0.119273,0.011330,0.173003,0.113907,True,0.023856,0.174783,0.112375,0.012527,0.001780,0.001532,44.63,10,-0.076790,0.425588,0.474735,0.000000,0.000000,0.000000,0.000000,0.000000,0.000000,nan,nan,nan,nan,nan,nan,FOLLOWER
1786696520198168965,2026-08-14T15:35:20.198184,prediction,-0.029576,0.264000,0.119273,0.001048,0.191176,0.115145,True,0.019098,0.183143,0.112949,0.018049,0.008033,0.002196,46.80,10,-0.072330,0.433785,0.475489,0.000000,0.000000,0.000000,0.000000,0.000000,0.000000,nan,nan,nan,nan,nan,nan,FOLLOWER
1786696520236407022,2026-08-14T15:35:20.236454,prediction,-0.029576,0.264000,0.119273,0.001048,0.191176,0.115145,True,0.013931,0.192548,0.113591,0.012883,0.001372,0.001555,32.20,10,-0.067541,0.442687,0.476271,0.000000,0.000000,0.000000,0.000000,0.000000,0.000000,nan,nan,nan,nan,nan,nan,FOLLOWER
1786696520298782343,2026-08-14T15:35:20.298804,prediction,-0.032854,0.285000,0.123523,-0.007752,0.210282,0.116844,True,0.008899,0.202318,0.114533,0.016651,0.007964,0.002311,51.19,10,-0.062873,0.451437,0.477011,0.000000,0.000000,0.000000,0.000000,0.000000,0.000000,nan,nan,nan,nan,nan,nan,FOLLOWER
1786696520342644939,2026-08-14T15:35:20.342675,prediction,-0.032854,0.285000,0.123523,-0.007752,0.210282,0.116844,True,0.004183,0.212166,0.115504,0.011936,0.001885,0.001340,42.34,10,-0.062873,0.451437,0.477011,0.000000,0.000000,0.000000,0.000000,0.000000,0.000000,nan,nan,nan,nan,nan,nan,FOLLOWER
1786696520379322738,2026-08-14T15:35:20.379339,prediction,-0.030669,0.271000,0.126425,-0.011510,0.218963,0.117828,True,-0.000110,0.221008,0.116621,0.011400,0.002045,0.001206,28.70,10,-0.058125,0.460422,0.477728,0.000000,0.000000,0.000000,0.000000,0.000000,0.000000,nan,nan,nan,nan,nan,nan,FOLLOWER
1786696520470821679,2026-08-14T15:35:20.470837,prediction,-0.035039,0.299000,0.127448,-0.018815,0.235873,0.119914,True,-0.004390,0.229501,0.117803,0.014425,0.006372,0.002111,58.71,10,-0.053170,0.469834,0.478465,0.000000,0.000000,0.000000,0.000000,0.000000,0.000000,nan,nan,nan,nan,nan,nan,FOLLOWER
1786696520526113511,2026-08-14T15:35:20.526128,prediction,-0.035039,0.299000,0.127448,-0.018815,0.235873,0.119914,True,-0.008531,0.238151,0.118992,0.010284,0.002278,0.000922,50.79,10,-0.048674,0.478407,0.479127,0.000000,0.000000,0.000000,0.000000,0.000000,0.000000,nan,nan,nan,nan,nan,nan,FOLLOWER
1786696520582762853,2026-08-14T15:35:20.582780,prediction,-0.039253,0.326000,0.128435,-0.022040,0.244561,0.120937,True,-0.012492,0.247054,0.120169,0.009549,0.002493,0.000767,44.06,10,-0.044274,0.486835,0.479773,0.000000,0.000000,0.000000,0.000000,0.000000,0.000000,nan,nan,nan,nan,nan,nan,FOLLOWER
1786696520637779080,2026-08-14T15:35:20.637794,prediction,-0.043468,0.353000,0.132722,-0.024958,0.253926,0.122225,True,-0.016360,0.256798,0.121655,0.008599,0.002873,0.000570,45.81,10,-0.039684,0.495672,0.480448,0.000000,0.000000,0.000000,0.000000,0.000000,0.000000,nan,nan,nan,nan,nan,nan,FOLLOWER
1786696520677048836,2026-08-14T15:35:20.677099,prediction,-0.043468,0.353000,0.132722,-0.027903,0.262625,0.123275,True,-0.020104,0.265749,0.122856,0.007799,0.003124,0.000420,33.04,10,-0.039684,0.495672,0.480448,0.000000,0.000000,0.000000,0.000000,0.000000,0.000000,nan,nan,nan,nan,nan,nan,FOLLOWER
1786696520740676479,2026-08-14T15:35:20.740695,prediction,-0.036132,0.306000,0.131082,-0.029886,0.270765,0.124217,True,-0.022920,0.274062,0.123928,0.006966,0.003298,0.000289,44.05,10,-0.035163,0.504403,0.481129,0.000000,0.000000,0.000000,0.000000,0.000000,0.000000,nan,nan,nan,nan,nan,nan,FOLLOWER
1786696520810935204,2026-08-14T15:35:20.810991,prediction,-0.047689,0.359000,0.129641,-0.034240,0.286777,0.125683,True,-0.025951,0.283065,0.124721,0.008289,0.003712,0.000963,52.91,10,-0.030545,0.513325,0.481839,0.000000,0.000000,0.000000,0.000000,0.000000,0.000000,nan,nan,nan,nan,nan,nan,FOLLOWER
1786696520844555765,2026-08-14T15:35:20.844611,prediction,-0.047689,0.359000,0.129641,-0.034240,0.286777,0.125683,True,-0.028762,0.290380,0.125535,0.005479,0.003603,0.000149,32.64,10,-0.025821,0.522465,0.482580,0.000000,0.000000,0.000000,0.000000,0.000000,0.000000,nan,nan,nan,nan,nan,nan,FOLLOWER
1786696520907018139,2026-08-14T15:35:20.907032,prediction,-0.056223,0.372000,0.126847,-0.038721,0.303770,0.127025,True,-0.031930,0.298622,0.126430,0.006791,0.005148,0.000595,37.01,10,-0.021057,0.531719,0.483345,0.000000,0.000000,0.000000,0.000000,0.000000,0.000000,nan,nan,nan,nan,nan,nan,FOLLOWER
1786696520974109300,2026-08-14T15:35:20.974123,prediction,-0.064671,0.385000,0.127343,-0.041133,0.311687,0.127582,True,-0.034777,0.307889,0.126990,0.006357,0.003798,0.000591,63.10,10,-0.016547,0.540519,0.484087,0.000000,0.000000,0.000000,0.000000,0.000000,0.000000,nan,nan,nan,nan,nan,nan,FOLLOWER
1786696521010891965,2026-08-14T15:35:21.010907,prediction,-0.072022,0.391000,0.121096,-0.043963,0.319724,0.127703,True,-0.037811,0.315969,0.127565,0.006152,0.003755,0.000138,35.28,10,-0.016547,0.540519,0.484087,0.000000,0.000000,0.000000,0.000000,0.000000,0.000000,nan,nan,nan,nan,nan,nan,FOLLOWER
1786696521047224518,2026-08-14T15:35:21.047241,prediction,-0.075253,0.391000,0.117858,-0.043963,0.319724,0.127703,True,-0.041239,0.324183,0.127657,0.002724,0.004459,0.000046,37.84,10,-0.012371,0.548788,0.484808,0.000000,0.000000,0.000000,0.000000,0.000000,0.000000,nan,nan,nan,nan,nan,nan,FOLLOWER
1786696521098790382,2026-08-14T15:35:21.098807,prediction,-0.078485,0.391000,0.114620,-0.049978,0.336181,0.126768,True,-0.044826,0.332796,0.127231,0.005151,0.003385,0.000464,38.82,10,-0.007909,0.557704,0.485593,0.000000,0.000000,0.000000,0.000000,0.000000,0.000000,nan,nan,nan,nan,nan,nan,FOLLOWER
1786696521142969321,2026-08-14T15:35:21.142985,prediction,-0.079333,0.397000,0.111661,-0.053222,0.344196,0.125783,True,-0.048418,0.341050,0.126514,0.004803,0.003146,0.000730,42.04,10,-0.007909,0.557704,0.485593,0.000000,0.000000,0.000000,0.000000,0.000000,0.000000,nan,nan,nan,nan,nan,nan,FOLLOWER
1786696521199973607,2026-08-14T15:35:21.199993,prediction,-0.082555,0.397000,0.108433,-0.056462,0.351773,0.124533,True,-0.052165,0.349218,0.125363,0.004297,0.002554,0.000830,56.72,10,-0.002998,0.567706,0.486477,0.000000,0.000000,0.000000,0.000000,0.000000,0.000000,nan,nan,nan,nan,nan,nan,FOLLOWER
1786696521249900486,2026-08-14T15:35:21.249920,prediction,-0.089816,0.403000,0.108721,-0.060114,0.358888,0.123284,True,-0.055817,0.356863,0.123915,0.004297,0.002025,0.000631,49.81,10,0.000897,0.575710,0.487176,0.000000,0.000000,0.000000,0.000000,0.000000,0.000000,nan,nan,nan,nan,nan,nan,FOLLOWER
1786696521303158465,2026-08-14T15:35:21.303206,prediction,-0.095587,0.422000,0.106449,-0.063870,0.365858,0.121819,True,-0.059788,0.363963,0.122471,0.004082,0.001894,0.000652,52.54,10,0.005239,0.584711,0.487945,0.000000,0.000000,0.000000,0.000000,0.000000,0.000000,nan,nan,nan,nan,nan,nan,FOLLOWER
1786696521354498737,2026-08-14T15:35:21.354525,prediction,-0.103524,0.434000,0.100712,-0.068154,0.372371,0.119747,True,-0.063814,0.370893,0.120820,0.004341,0.001479,0.001073,48.56,10,0.009594,0.593809,0.488696,0.000000,0.000000,0.000000,0.000000,0.000000,0.000000,nan,nan,nan,nan,nan,nan,FOLLOWER
1786696521387645252,2026-08-14T15:35:21.387660,prediction,-0.103524,0.434000,0.100712,-0.068154,0.372371,0.119747,True,-0.068279,0.377317,0.118523,0.000124,0.004946,0.001224,28.67,10,0.009594,0.593809,0.488696,0.000000,0.000000,0.000000,0.000000,0.000000,0.000000,nan,nan,nan,nan,nan,nan,FOLLOWER
1786696521467091832,2026-08-14T15:35:21.467110,prediction,-0.115914,0.457000,0.095674,-0.078001,0.387247,0.115085,True,-0.073002,0.384390,0.115994,0.004999,0.002857,0.000908,50.84,10,0.014057,0.603254,0.489397,0.000000,0.000000,0.000000,0.000000,0.000000,0.000000,nan,nan,nan,nan,nan,nan,FOLLOWER
1786696521508288012,2026-08-14T15:35:21.508310,prediction,-0.119037,0.457000,0.089416,-0.082963,0.395103,0.112452,True,-0.078545,0.392340,0.113429,0.004418,0.002763,0.000976,38.90,10,0.017994,0.611616,0.489969,0.000000,0.000000,0.000000,0.000000,0.000000,0.000000,nan,nan,nan,nan,nan,nan,FOLLOWER
1786696521544947116,2026-08-14T15:35:21.544964,prediction,-0.124676,0.452000,0.089118,-0.088096,0.402967,0.109751,True,-0.083708,0.400337,0.110606,0.004388,0.002630,0.000855,37.20,10,0.017994,0.611616,0.489969,0.000000,0.000000,0.000000,0.000000,0.000000,0.000000,nan,nan,nan,nan,nan,nan,FOLLOWER
1786696521573026944,2026-08-14T15:35:21.573095,prediction,-0.124676,0.452000,0.089118,-0.088096,0.402967,0.109751,True,-0.088996,0.408324,0.107732,0.000900,0.005356,0.002019,25.00,10,0.022272,0.620689,0.490459,0.000000,0.000000,0.000000,0.000000,0.000000,0.000000,nan,nan,nan,nan,nan,nan,FOLLOWER
1786696521629205145,2026-08-14T15:35:21.629257,prediction,-0.131529,0.457000,0.083158,-0.092966,0.409767,0.106854,True,-0.093881,0.415075,0.104668,0.000915,0.005308,0.002186,34.65,10,0.026521,0.629669,0.490867,0.000000,0.000000,0.000000,0.000000,0.000000,0.000000,nan,nan,nan,nan,nan,nan,FOLLOWER
1786696521665220124,2026-08-14T15:35:21.665267,prediction,-0.131529,0.457000,0.083158,-0.097987,0.415660,0.103941,True,-0.098788,0.420776,0.101603,0.000801,0.005116,0.002338,31.23,10,0.026521,0.629669,0.490867,0.000000,0.000000,0.000000,0.000000,0.000000,0.000000,nan,nan,nan,nan,nan,nan,FOLLOWER
1786696521729450916,2026-08-14T15:35:21.729625,prediction,-0.132238,0.463000,0.083536,-0.102491,0.421692,0.101021,True,-0.103170,0.426627,0.098573,0.000679,0.004935,0.002448,50.13,10,0.030918,0.638864,0.491104,0.000000,0.000000,0.000000,0.000000,0.000000,0.000000,nan,nan,nan,nan,nan,nan,FOLLOWER
1786696521796701857,2026-08-14T15:35:21.796717,prediction,-0.136750,0.475000,0.078093,-0.106806,0.427058,0.098154,True,-0.107273,0.431738,0.095631,0.000466,0.004680,0.002523,43.21,10,0.035269,0.647890,0.491237,0.000000,0.000000,0.000000,0.000000,0.000000,0.000000,nan,nan,nan,nan,nan,nan,FOLLOWER
1786696521852674744,2026-08-14T15:35:21.852691,prediction,-0.141106,0.486000,0.075741,-0.111196,0.432612,0.095346,True,-0.111452,0.437086,0.092788,0.000256,0.004475,0.002558,50.32,10,0.039825,0.657257,0.491265,0.000000,0.000000,0.000000,0.000000,0.000000,0.000000,nan,nan,nan,nan,nan,nan,FOLLOWER
1786696521894246496,2026-08-14T15:35:21.894284,prediction,-0.145427,0.497000,0.070363,-0.115659,0.438789,0.092395,True,-0.115755,0.443169,0.089819,0.000096,0.004380,0.002576,35.36,10,0.044077,0.665912,0.491186,0.000000,0.000000,0.000000,0.000000,0.000000,0.000000,nan,nan,nan,nan,nan,nan,FOLLOWER
1786696521936198589,2026-08-14T15:35:21.936256,prediction,-0.146106,0.503000,0.064684,-0.120111,0.445678,0.089264,True,-0.120116,0.450079,0.086671,0.000005,0.004402,0.002593,35.96,10,0.044077,0.665912,0.491186,0.000000,0.000000,0.000000,0.000000,0.000000,0.000000,nan,nan,nan,nan,nan,nan,FOLLOWER
1786696521987063623,2026-08-14T15:35:21.987081,prediction,-0.150991,0.492000,0.054650,-0.128629,0.459768,0.082539,True,-0.124491,0.457161,0.083540,0.004138,0.002607,0.001002,38.41,10,0.049199,0.676102,0.490837,0.000000,0.000000,0.000000,0.000000,0.000000,0.000000,nan,nan,nan,nan,nan,nan,FOLLOWER
1786696522021336945,2026-08-14T15:35:22.021394,prediction,-0.150991,0.492000,0.054650,-0.128629,0.459768,0.082539,True,-0.128510,0.464264,0.079896,0.000119,0.004495,0.002643,33.40,10,0.053123,0.683814,0.490473,0.000000,0.000000,0.000000,0.000000,0.000000,0.000000,nan,nan,nan,nan,nan,nan,FOLLOWER
1786696522067037540,2026-08-14T15:35:22.067051,prediction,-0.154069,0.520000,0.050827,-0.132528,0.466514,0.078831,True,-0.132330,0.470998,0.076125,0.000197,0.004485,0.002705,30.90,10,0.053123,0.683814,0.490473,0.000000,0.000000,0.000000,0.000000,0.000000,0.000000,nan,nan,nan,nan,nan,nan,FOLLOWER
1786696522138837961,2026-08-14T15:35:22.138854,prediction,-0.151541,0.497000,0.048922,-0.135729,0.471863,0.075378,True,-0.135348,0.476152,0.072621,0.000381,0.004289,0.002757,39.14,10,0.057582,0.692379,0.489844,0.000000,0.000000,0.000000,0.000000,0.000000,0.000000,nan,nan,nan,nan,nan,nan,FOLLOWER
1786696522194076615,2026-08-14T15:35:22.194094,prediction,-0.154619,0.525000,0.039174,-0.138450,0.476613,0.071719,True,-0.137845,0.480620,0.068912,0.000605,0.004007,0.002806,42.64,10,0.062278,0.701312,0.489070,0.000000,0.000000,0.000000,0.000000,0.000000,0.000000,nan,nan,nan,nan,nan,nan,FOLLOWER
1786696522248055964,2026-08-14T15:35:22.248085,prediction,-0.156377,0.541000,0.034624,-0.141030,0.480603,0.067952,True,-0.140142,0.484262,0.065091,0.000889,0.003659,0.002861,48.92,10,0.066938,0.710102,0.488192,0.000000,0.000000,0.000000,0.000000,0.000000,0.000000,nan,nan,nan,nan,nan,nan,FOLLOWER
1786696522304481207,2026-08-14T15:35:22.304531,prediction,-0.154619,0.525000,0.030124,-0.145516,0.489539,0.060366,True,-0.142405,0.488415,0.061408,0.003111,0.001124,0.001042,49.57,10,0.071592,0.718820,0.487203,0.000000,0.000000,0.000000,0.000000,0.000000,0.000000,nan,nan,nan,nan,nan,nan,FOLLOWER
1786696522344282188,2026-08-14T15:35:22.344298,prediction,-0.157586,0.552000,0.026728,-0.147621,0.494921,0.056371,True,-0.144209,0.492698,0.057449,0.003412,0.002223,0.001078,39.95,10,0.071592,0.718820,0.487203,0.000000,0.000000,0.000000,0.000000,0.000000,0.000000,nan,nan,nan,nan,nan,nan,FOLLOWER
1786696522382722915,2026-08-14T15:35:22.382740,prediction,-0.157586,0.552000,0.020783,-0.149358,0.501064,0.052213,True,-0.146225,0.497989,0.053434,0.003133,0.003075,0.001221,37.62,10,0.076296,0.727539,0.485978,0.000000,0.000000,0.000000,0.000000,0.000000,0.000000,nan,nan,nan,nan,nan,nan,FOLLOWER
1786696522428024093,2026-08-14T15:35:22.428041,prediction,-0.157586,0.552000,0.017811,-0.151048,0.507039,0.047831,True,-0.147971,0.504142,0.049257,0.003076,0.002897,0.001426,43.80,10,0.081015,0.736251,0.484635,0.000000,0.000000,0.000000,0.000000,0.000000,0.000000,nan,nan,nan,nan,nan,nan,FOLLOWER
1786696522467301935,2026-08-14T15:35:22.467381,prediction,-0.161094,0.557000,0.009433,-0.152671,0.512981,0.043254,True,-0.149678,0.510126,0.044838,0.002993,0.002856,0.001585,37.06,10,0.081015,0.736251,0.484635,0.000000,0.000000,0.000000,0.000000,0.000000,0.000000,nan,nan,nan,nan,nan,nan,FOLLOWER
1786696522506731722,2026-08-14T15:35:22.506746,prediction,-0.162986,0.547000,0.008357,-0.152671,0.512981,0.043254,True,-0.151334,0.516067,0.040203,0.001337,0.003086,0.003051,37.45,10,0.085813,0.745077,0.483029,0.000000,0.000000,0.000000,0.000000,0.000000,0.000000,nan,nan,nan,nan,nan,nan,FOLLOWER
1786696522572767620,2026-08-14T15:35:22.572786,prediction,-0.165225,0.568000,0.007671,-0.155449,0.523122,0.034582,True,-0.152790,0.521287,0.035648,0.002659,0.001835,0.001066,58.20,10,0.090506,0.753719,0.481335,0.000000,0.000000,0.000000,0.000000,0.000000,0.000000,nan,nan,nan,nan,nan,nan,FOLLOWER
1786696522612051273,2026-08-14T15:35:22.612068,prediction,-0.164585,0.562000,0.007015,-0.156681,0.527558,0.030738,True,-0.154093,0.525999,0.031438,0.002589,0.001558,0.000701,41.03,10,0.090506,0.753719,0.481335,0.000000,0.000000,0.000000,0.000000,0.000000,0.000000,nan,nan,nan,nan,nan,nan,FOLLOWER
1786696522648647140,2026-08-14T15:35:22.648660,prediction,-0.164585,0.562000,0.004060,-0.157710,0.531592,0.026900,True,-0.155296,0.530263,0.027609,0.002414,0.001329,0.000709,36.37,10,0.095068,0.762181,0.479435,0.000000,0.000000,0.000000,0.000000,0.000000,0.000000,nan,nan,nan,nan,nan,nan,FOLLOWER
1786696522690010753,2026-08-14T15:35:22.690063,prediction,-0.165225,0.568000,0.001780,-0.158659,0.535545,0.023375,True,-0.156283,0.534090,0.023813,0.002376,0.001455,0.000438,39.06,10,0.099712,0.770851,0.477366,0.000000,0.000000,0.000000,0.000000,0.000000,0.000000,nan,nan,nan,nan,nan,nan,FOLLOWER
1786696522730531069,2026-08-14T15:35:22.730551,prediction,-0.164585,0.562000,-0.001851,-0.159360,0.539482,0.019863,True,-0.157211,0.537850,0.020364,0.002149,0.001632,0.000501,38.28,10,0.099712,0.770851,0.477366,0.000000,0.000000,0.000000,0.000000,0.000000,0.000000,nan,nan,nan,nan,nan,nan,FOLLOWER
1786696522766635686,2026-08-14T15:35:22.766728,prediction,-0.164585,0.562000,-0.001851,-0.160230,0.543736,0.016478,True,-0.157903,0.541611,0.016946,0.002326,0.002126,0.000468,34.51,10,0.104241,0.779442,0.475071,0.000000,0.000000,0.000000,0.000000,0.000000,0.000000,nan,nan,nan,nan,nan,nan,FOLLOWER
1786696522802443950,2026-08-14T15:35:22.802465,prediction,-0.165758,0.573000,-0.006470,-0.161133,0.547734,0.013159,True,-0.158810,0.545760,0.013664,0.002324,0.001974,0.000505,33.02,10,0.104241,0.779442,0.475071,0.000000,0.000000,0.000000,0.000000,0.000000,0.000000,nan,nan,nan,nan,nan,nan,FOLLOWER
1786696522841948616,2026-08-14T15:35:22.841966,prediction,-0.162346,0.541000,-0.010230,-0.161649,0.551680,0.009866,True,-0.159744,0.549667,0.010446,0.001905,0.002013,0.000580,36.17,10,0.108743,0.788139,0.472510,0.000000,0.000000,0.000000,0.000000,0.000000,0.000000,nan,nan,nan,nan,nan,nan,FOLLOWER
1786696522880312850,2026-08-14T15:35:22.880355,prediction,-0.162986,0.547000,-0.012505,-0.162089,0.553643,0.006724,True,-0.160285,0.553516,0.007243,0.001804,0.000127,0.000520,41.35,10,0.108743,0.788139,0.472510,0.000000,0.000000,0.000000,0.000000,0.000000,0.000000,nan,nan,nan,nan,nan,nan,FOLLOWER
1786696522915983536,2026-08-14T15:35:22.915996,prediction,-0.161173,0.530000,-0.017539,-0.162526,0.554889,0.003546,True,-0.160617,0.555232,0.004171,0.001909,0.000343,0.000625,36.56,10,0.113053,0.796637,0.469788,0.000000,0.000000,0.000000,0.000000,0.000000,0.000000,nan,nan,nan,nan,nan,nan,FOLLOWER
1786696522949797389,2026-08-14T15:35:22.949821,prediction,-0.161173,0.530000,-0.017539,-0.162526,0.554889,0.003546,True,-0.160901,0.556180,0.001050,0.001625,0.001292,0.002496,33.07,10,0.113053,0.796637,0.469788,0.000000,0.000000,0.000000,0.000000,0.000000,0.000000,nan,nan,nan,nan,nan,nan,FOLLOWER
1786696522989559346,2026-08-14T15:35:22.989600,prediction,-0.161813,0.536000,-0.022811,-0.163168,0.554718,-0.002373,True,-0.161072,0.556427,-0.001911,0.002096,0.001708,0.000462,34.96,10,0.117334,0.805178,0.466946,0.000000,0.000000,0.000000,0.000000,0.000000,0.000000,nan,nan,nan,nan,nan,nan,FOLLOWER
1786696523027047943,2026-08-14T15:35:23.027075,prediction,-0.161813,0.536000,-0.022811,-0.163168,0.554718,-0.002373,True,-0.161077,0.555297,-0.004765,0.002091,0.000578,0.002392,36.73,10,0.121514,0.813722,0.463900,0.000000,0.000000,0.000000,0.000000,0.000000,0.000000,nan,nan,nan,nan,nan,nan,FOLLOWER
1786696523091551937,2026-08-14T15:35:23.091570,prediction,-0.164052,0.557000,-0.029096,-0.163604,0.552663,-0.008101,True,-0.161013,0.553929,-0.007882,0.002592,0.001266,0.000218,53.79,10,0.125970,0.822940,0.460503,0.000000,0.000000,0.000000,0.000000,0.000000,0.000000,nan,nan,nan,nan,nan,nan,FOLLOWER
1786696523150776507,2026-08-14T15:35:23.150817,prediction,-0.162986,0.547000,-0.033367,-0.163604,0.552186,-0.010882,True,-0.161013,0.553929,-0.007882,0.002592,0.001743,0.003000,0.00,10,0.125970,0.822940,0.460503,0.000000,0.000000,0.000000,0.000000,0.000000,0.000000,nan,nan,nan,nan,nan,nan,LEADER
1786696523184585050,2026-08-14T15:35:23.184621,prediction,-0.161173,0.530000,-0.038598,-0.163334,0.551557,-0.013967,True,-0.161012,0.553930,-0.007883,0.002322,0.002373,0.006083,0.00,10,0.129769,0.830883,0.457479,0.000000,0.000000,0.000000,0.000000,0.000000,0.000000,nan,nan,nan,nan,nan,nan,LEADER
1786696523219233444,2026-08-14T15:35:23.219250,prediction,-0.162346,0.541000,-0.040132,-0.163185,0.550311,-0.017110,True,-0.161010,0.553934,-0.007891,0.002175,0.003622,0.009219,0.00,10,0.133614,0.839331,0.453517,0.000000,0.000000,0.000000,0.000000,0.000000,0.000000,nan,nan,nan,nan,nan,nan,LEADER
1786696523253466021,2026-08-14T15:35:23.253493,prediction,-0.160640,0.525000,-0.042277,-0.162922,0.548356,-0.020199,True,-0.161003,0.553943,-0.007911,0.001919,0.005588,0.012288,0.00,10,0.133614,0.839331,0.453517,0.000000,0.000000,0.000000,0.000000,0.000000,0.000000,nan,nan,nan,nan,nan,nan,LEADER
1786696523288726650,2026-08-14T15:35:23.288743,prediction,-0.160640,0.525000,-0.042277,-0.162922,0.548356,-0.020199,True,-0.160991,0.553962,-0.007948,0.001931,0.005606,0.012251,0.00,10,0.133614,0.839331,0.453517,0.000000,0.000000,0.000000,0.000000,0.000000,0.000000,nan,nan,nan,nan,nan,nan,LEADER
1786696523319078779,2026-08-14T15:35:23.319099,prediction,-0.160011,0.547000,-0.045289,-0.162574,0.546844,-0.023337,True,-0.160971,0.553991,-0.008008,0.001603,0.007146,0.015329,0.00,10,0.137489,0.847847,0.449522,0.000000,0.000000,0.000000,0.000000,0.000000,0.000000,nan,nan,nan,nan,nan,nan,LEADER
1786696523350089299,2026-08-14T15:35:23.350108,prediction,-0.160011,0.547000,-0.048269,-0.162269,0.545742,-0.026432,True,-0.160942,0.554033,-0.008093,0.001327,0.008290,0.018338,0.00,10,0.137489,0.847847,0.449522,0.000000,0.000000,0.000000,0.000000,0.000000,0.000000,nan,nan,nan,nan,nan,nan,LEADER
1786696523383525265,2026-08-14T15:35:23.383539,prediction,-0.160011,0.547000,-0.048269,-0.162269,0.545742,-0.026432,True,-0.160904,0.554089,-0.008208,0.001365,0.008347,0.018223,0.00,10,0.141187,0.855979,0.445704,0.000000,0.000000,0.000000,0.000000,0.000000,0.000000,nan,nan,nan,nan,nan,nan,LEADER
1786696523417159853,2026-08-14T15:35:23.417184,prediction,-0.162826,0.573000,-0.047593,-0.162152,0.544722,-0.029481,True,-0.160855,0.554161,-0.008356,0.001297,0.009439,0.021125,0.00,10,0.144958,0.864285,0.441796,0.000000,0.000000,0.000000,0.000000,0.000000,0.000000,nan,nan,nan,nan,nan,nan,LEADER
1786696523450329201,2026-08-14T15:35:23.450354,prediction,-0.161094,0.557000,-0.052807,-0.161841,0.544251,-0.032570,True,-0.160795,0.554250,-0.008538,0.001047,0.009999,0.024032,0.00,10,0.144958,0.864285,0.441796,0.000000,0.000000,0.000000,0.000000,0.000000,0.000000,nan,nan,nan,nan,nan,nan,LEADER
1786696523483443897,2026-08-14T15:35:23.483461,prediction,-0.159345,0.568000,-0.048296,-0.161641,0.544477,-0.035108,True,-0.160722,0.554358,-0.008757,0.000919,0.009881,0.026351,0.00,10,0.148756,0.872670,0.437837,0.000000,0.000000,0.000000,0.000000,0.000000,0.000000,nan,nan,nan,nan,nan,nan,LEADER
1786696523517069027,2026-08-14T15:35:23.517090,prediction,-0.159345,0.568000,-0.048296,-0.161398,0.545642,-0.037494,True,-0.160636,0.554484,-0.009014,0.000762,0.008841,0.028480,0.00,10,0.148756,0.872670,0.437837,0.000000,0.000000,0.000000,0.000000,0.000000,0.000000,nan,nan,nan,nan,nan,nan,LEADER
1786696523551240599,2026-08-14T15:35:23.551279,prediction,-0.153393,0.541000,-0.052093,-0.160880,0.547315,-0.039798,True,-0.160538,0.554628,-0.009310,0.000342,0.007313,0.030487,0.00,10,0.152527,0.881032,0.433868,0.000000,0.000000,0.000000,0.000000,0.000000,0.000000,nan,nan,nan,nan,nan,nan,LEADER
1786696523584378308,2026-08-14T15:35:23.584437,prediction,-0.154620,0.552000,-0.050546,-0.160322,0.547916,-0.041936,True,-0.160427,0.554793,-0.009646,0.000105,0.006876,0.032291,0.00,10,0.152527,0.881032,0.433868,0.000000,0.000000,0.000000,0.000000,0.000000,0.000000,nan,nan,nan,nan,nan,nan,LEADER
1786696523617080272,2026-08-14T15:35:23.617096,prediction,-0.155736,0.562000,-0.049140,-0.159917,0.548890,-0.043692,True,-0.160302,0.554976,-0.010020,0.000385,0.006086,0.033671,0.00,10,0.156285,0.889410,0.429862,0.000000,0.000000,0.000000,0.000000,0.000000,0.000000,nan,nan,nan,nan,nan,nan,LEADER
1786696523650573966,2026-08-14T15:35:23.650591,prediction,-0.155178,0.557000,-0.049843,-0.159517,0.550205,-0.045043,True,-0.160165,0.555179,-0.010434,0.000648,0.004974,0.034608,0.00,10,0.156285,0.889410,0.429862,0.000000,0.000000,0.000000,0.000000,0.000000,0.000000,nan,nan,nan,nan,nan,nan,LEADER
1786696523684307439,2026-08-14T15:35:23.684325,prediction,-0.154620,0.552000,-0.050546,-0.158888,0.551588,-0.046473,True,-0.160014,0.555400,-0.010887,0.001126,0.003813,0.035586,0.00,10,0.156285,0.889410,0.429862,0.000000,0.000000,0.000000,0.000000,0.000000,0.000000,nan,nan,nan,nan,nan,nan,LEADER
1786696523717149505,2026-08-14T15:35:23.717171,prediction,-0.155736,0.562000,-0.049140,-0.158405,0.552397,-0.047524,True,-0.159852,0.555640,-0.011377,0.001447,0.003243,0.036147,0.00,10,0.160089,0.897954,0.425737,0.000000,0.000000,0.000000,0.000000,0.000000,0.000000,nan,nan,nan,nan,nan,nan,LEADER
1786696523750233703,2026-08-14T15:35:23.750252,prediction,-0.154620,0.552000,-0.050546,-0.157968,0.552826,-0.048321,True,-0.159677,0.555898,-0.011903,0.001709,0.003072,0.036418,0.00,10,0.163673,0.906084,0.421763,0.000000,0.000000,0.000000,0.000000,0.000000,0.000000,nan,nan,nan,nan,nan,nan,LEADER
1786696523784163283,2026-08-14T15:35:23.784208,prediction,-0.155178,0.557000,-0.049843,-0.157490,0.553765,-0.048968,True,-0.159490,0.556172,-0.012464,0.002000,0.002407,0.036505,0.00,10,0.163673,0.906084,0.421763,0.000000,0.000000,0.000000,0.000000,0.000000,0.000000,nan,nan,nan,nan,nan,nan,LEADER
1786696523818016550,2026-08-14T15:35:23.818040,prediction,-0.155178,0.557000,-0.049843,-0.157490,0.553765,-0.048968,True,-0.159293,0.556463,-0.013057,0.001803,0.002697,0.035911,0.00,10,0.163673,0.906084,0.421763,0.000000,0.000000,0.000000,0.000000,0.000000,0.000000,nan,nan,nan,nan,nan,nan,LEADER
1786696523850656007,2026-08-14T15:35:23.850673,prediction,-0.155178,0.557000,-0.049843,-0.157126,0.555393,-0.049473,True,-0.159086,0.556768,-0.013681,0.001960,0.001375,0.035792,0.00,10,0.167499,0.914866,0.417408,0.000000,0.000000,0.000000,0.000000,0.000000,0.000000,nan,nan,nan,nan,nan,nan,LEADER
1786696523884605354,2026-08-14T15:35:23.884622,prediction,-0.156405,0.568000,-0.048296,-0.156886,0.556572,-0.049673,True,-0.158870,0.557087,-0.014332,0.001984,0.000515,0.035341,0.00,10,0.167499,0.914866,0.417408,0.000000,0.000000,0.000000,0.000000,0.000000,0.000000,nan,nan,nan,nan,nan,nan,LEADER
1786696523920132983,2026-08-14T15:35:23.920179,prediction,-0.155178,0.557000,-0.049843,-0.156563,0.557341,-0.049778,True,-0.158645,0.557418,-0.015009,0.002081,0.000077,0.034769,0.00,10,0.171041,0.923114,0.413245,0.000000,0.000000,0.000000,0.000000,0.000000,0.000000,nan,nan,nan,nan,nan,nan,LEADER
1786696523951845866,2026-08-14T15:35:23.951868,prediction,-0.155736,0.562000,-0.049140,-0.156091,0.558295,-0.049881,True,-0.158412,0.557761,-0.015709,0.002322,0.000534,0.034172,0.00,10,0.171041,0.923114,0.413245,0.000000,0.000000,0.000000,0.000000,0.000000,0.000000,nan,nan,nan,nan,nan,nan,LEADER
1786696523984725662,2026-08-14T15:35:23.984741,prediction,-0.154620,0.552000,-0.050546,-0.155659,0.558486,-0.049731,True,-0.158173,0.558113,-0.016428,0.002514,0.000372,0.033302,0.00,10,0.174457,0.931207,0.409078,0.000000,0.000000,0.000000,0.000000,0.000000,0.000000,nan,nan,nan,nan,nan,nan,LEADER
1786696524017699645,2026-08-14T15:35:24.017734,prediction,-0.155736,0.562000,-0.049140,-0.155659,0.558486,-0.049731,True,-0.157929,0.558474,-0.017164,0.002270,0.000012,0.032566,0.00,10,0.174457,0.931207,0.409078,0.000000,0.000000,0.000000,0.000000,0.000000,0.000000,nan,nan,nan,nan,nan,nan,LEADER
1786696524050508269,2026-08-14T15:35:24.050524,prediction,-0.155736,0.562000,-0.049140,-0.155418,0.558204,-0.049787,True,-0.157680,0.558841,-0.017914,0.002261,0.000637,0.031873,0.00,10,0.177935,0.939614,0.404652,0.000000,0.000000,0.000000,0.000000,0.000000,0.000000,nan,nan,nan,nan,nan,nan,LEADER
1786696524083565888,2026-08-14T15:35:24.083583,prediction,-0.155178,0.557000,-0.049843,-0.155141,0.557561,-0.049890,True,-0.157427,0.559212,-0.018674,0.002287,0.001652,0.031216,0.00,10,0.181195,0.947679,0.400299,0.000000,0.000000,0.000000,0.000000,0.000000,0.000000,nan,nan,nan,nan,nan,nan,LEADER
1786696524118353914,2026-08-14T15:35:24.118370,prediction,-0.154620,0.552000,-0.050546,-0.155222,0.556846,-0.049787,True,-0.157173,0.559588,-0.019440,0.001950,0.002742,0.030347,0.00,10,0.181195,0.947679,0.400299,0.000000,0.000000,0.000000,0.000000,0.000000,0.000000,nan,nan,nan,nan,nan,nan,LEADER
1786696524151527550,2026-08-14T15:35:24.151544,prediction,-0.156405,0.568000,-0.048296,-0.155341,0.556969,-0.049637,True,-0.156917,0.559965,-0.020210,0.001575,0.002996,0.029427,0.00,10,0.181195,0.947679,0.400299,0.000000,0.000000,0.000000,0.000000,0.000000,0.000000,nan,nan,nan,nan,nan,nan,LEADER
1786696524184120540,2026-08-14T15:35:24.184145,prediction,-0.155736,0.562000,-0.049140,-0.155341,0.557527,-0.049637,True,-0.156661,0.560342,-0.020980,0.001320,0.002814,0.028657,0.00,10,0.184538,0.956174,0.395588,0.000000,0.000000,0.000000,0.000000,0.000000,0.000000,nan,nan,nan,nan,nan,nan,LEADER
1786696524217209929,2026-08-14T15:35:24.217228,prediction,-0.157521,0.578000,-0.046890,-0.155498,0.558225,-0.049440,True,-0.156406,0.560717,-0.021747,0.000909,0.002491,0.027693,0.00,10,0.184538,0.956174,0.395588,0.000000,0.000000,0.000000,0.000000,0.000000,0.000000,nan,nan,nan,nan,nan,nan,LEADER
1786696524253372205,2026-08-14T15:35:24.253394,prediction,-0.155736,0.562000,-0.049140,-0.155572,0.558632,-0.049346,True,-0.156154,0.561089,-0.022506,0.000582,0.002457,0.026840,0.00,10,0.187638,0.964299,0.390949,0.000000,0.000000,0.000000,0.000000,0.000000,0.000000,nan,nan,nan,nan,nan,nan,LEADER
1786696524285098895,2026-08-14T15:35:24.285118,prediction,-0.156405,0.568000,-0.048296,-0.155617,0.559300,-0.049290,True,-0.155905,0.561456,-0.023256,0.000288,0.002156,0.026034,0.00,10,0.187638,0.964299,0.390949,0.000000,0.000000,0.000000,0.000000,0.000000,0.000000,nan,nan,nan,nan,nan,nan,LEADER
1786696524321300955,2026-08-14T15:35:24.321379,prediction,-0.156405,0.568000,-0.048296,-0.155736,0.560287,-0.049140,True,-0.155660,0.561816,-0.023992,0.000075,0.001529,0.025148,0.00,10,0.190739,0.972711,0.385994,0.000000,0.000000,0.000000,0.000000,0.000000,0.000000,nan,nan,nan,nan,nan,nan,LEADER
1786696524351184348,2026-08-14T15:35:24.351269,prediction,-0.155736,0.562000,-0.049140,-0.155773,0.561071,-0.049093,True,-0.155421,0.562168,-0.024711,0.000351,0.001098,0.024382,0.00,10,0.190739,0.972711,0.385994,0.000000,0.000000,0.000000,0.000000,0.000000,0.000000,nan,nan,nan,nan,nan,nan,LEADER
1786696524388964179,2026-08-14T15:35:24.388984,prediction,-0.156405,0.568000,-0.048296,-0.155855,0.561814,-0.048990,True,-0.155189,0.562511,-0.025411,0.000666,0.000697,0.023579,0.00,10,0.193654,0.980938,0.380984,0.000000,0.000000,0.000000,0.000000,0.000000,0.000000,nan,nan,nan,nan,nan,nan,LEADER
1786696524417646745,2026-08-14T15:35:24.417697,prediction,-0.156405,0.568000,-0.048296,-0.155855,0.561814,-0.048990,True,-0.154964,0.562842,-0.026088,0.000891,0.001028,0.022902,0.00,10,0.196297,0.988744,0.376060,0.000000,0.000000,0.000000,0.000000,0.000000,0.000000,nan,nan,nan,nan,nan,nan,LEADER
1786696524450899229,2026-08-14T15:35:24.450922,prediction,-0.155736,0.562000,-0.049140,-0.155810,0.562230,-0.049046,True,-0.154747,0.563161,-0.026740,0.001062,0.000932,0.022307,0.00,10,0.196297,0.988744,0.376060,0.000000,0.000000,0.000000,0.000000,0.000000,0.000000,nan,nan,nan,nan,nan,nan,LEADER
1786696524483650946,2026-08-14T15:35:24.483666,prediction,-0.157521,0.578000,-0.046890,-0.155966,0.562899,-0.048849,True,-0.154540,0.563467,-0.027363,0.001426,0.000567,0.021486,0.00,10,0.198888,0.996807,0.370782,0.000000,0.000000,0.000000,0.000000,0.000000,0.000000,nan,nan,nan,nan,nan,nan,LEADER
1786696524518511167,2026-08-14T15:35:24.518574,prediction,-0.157521,0.578000,-0.046890,-0.156085,0.563887,-0.048699,True,-0.154343,0.563757,-0.027957,0.001742,0.000129,0.020743,0.00,10,0.198888,0.996807,0.370782,0.000000,0.000000,0.000000,0.000000,0.000000,0.000000,nan,nan,nan,nan,nan,nan,LEADER
1786696524552427031,2026-08-14T15:35:24.552485,prediction,-0.155736,0.562000,-0.049140,-0.156159,0.565204,-0.048606,True,-0.154157,0.564032,-0.028517,0.002003,0.001172,0.020089,0.00,10,0.198888,0.996807,0.370782,0.000000,0.000000,0.000000,0.000000,0.000000,0.000000,nan,nan,nan,nan,nan,nan,LEADER
1786696524584144594,2026-08-14T15:35:24.584183,prediction,-0.157521,0.578000,-0.046890,-0.156278,0.566321,-0.048456,True,-0.153982,0.564289,-0.029043,0.002296,0.002032,0.019412,0.00,10,0.201407,1.005144,0.365102,0.000000,0.000000,0.000000,0.000000,0.000000,0.000000,nan,nan,nan,nan,nan,nan,LEADER
1786696524618395015,2026-08-14T15:35:24.618477,prediction,-0.156963,0.573000,-0.047593,-0.156397,0.567397,-0.048306,True,-0.153819,0.564529,-0.029533,0.002578,0.002869,0.018772,0.00,10,0.203558,1.012833,0.359624,0.000000,0.000000,0.000000,0.000000,0.000000,0.000000,nan,nan,nan,nan,nan,nan,LEADER
1786696524653176328,2026-08-14T15:35:24.653192,prediction,-0.156963,0.573000,-0.047593,-0.156397,0.567397,-0.048306,True,-0.153669,0.564750,-0.029986,0.002729,0.002647,0.018320,0.00,10,0.203558,1.012833,0.359624,0.000000,0.000000,0.000000,0.000000,0.000000,0.000000,nan,nan,nan,nan,nan,nan,LEADER
1786696524686702654,2026-08-14T15:35:24.686727,prediction,-0.156405,0.568000,-0.048296,-0.156516,0.568466,-0.048156,True,-0.153531,0.564953,-0.030400,0.002985,0.003513,0.017756,0.00,10,0.203558,1.012833,0.359624,0.000000,0.000000,0.000000,0.000000,0.000000,0.000000,nan,nan,nan,nan,nan,nan,LEADER
1786696524718057999,2026-08-14T15:35:24.718077,prediction,-0.156963,0.573000,-0.047593,-0.156554,0.569533,-0.048109,True,-0.153407,0.565137,-0.030775,0.003147,0.004397,0.017334,0.00,10,0.205513,1.020593,0.353796,0.000000,0.000000,0.000000,0.000000,0.000000,0.000000,nan,nan,nan,nan,nan,nan,LEADER
1786696524751016543,2026-08-14T15:35:24.751081,prediction,-0.156963,0.573000,-0.047593,-0.156635,0.570333,-0.048006,True,-0.153295,0.565301,-0.031110,0.003340,0.005032,0.016896,0.00,10,0.205513,1.020593,0.353796,0.000000,0.000000,0.000000,0.000000,0.000000,0.000000,nan,nan,nan,nan,nan,nan,LEADER
1786696524785941785,2026-08-14T15:35:24.785960,prediction,-0.156963,0.573000,-0.047593,-0.156598,0.570760,-0.048053,True,-0.153197,0.565446,-0.031406,0.003401,0.005314,0.016647,0.00,10,0.206710,1.026083,0.349414,0.000000,0.000000,0.000000,0.000000,0.000000,0.000000,nan,nan,nan,nan,nan,nan,LEADER
1786696524820550145,2026-08-14T15:35:24.820593,prediction,-0.157521,0.578000,-0.046890,-0.156717,0.571432,-0.047903,True,-0.153112,0.565572,-0.031663,0.003606,0.005860,0.016240,0.00,10,0.206710,1.026083,0.349414,0.000000,0.000000,0.000000,0.000000,0.000000,0.000000,nan,nan,nan,nan,nan,nan,LEADER
1786696524851737606,2026-08-14T15:35:24.851771,prediction,-0.157521,0.578000,-0.046890,-0.156717,0.571432,-0.047903,True,-0.153039,0.565679,-0.031882,0.003678,0.005753,0.016021,0.00,10,0.207303,1.029948,0.345982,0.000000,0.000000,0.000000,0.000000,0.000000,0.000000,nan,nan,nan,nan,nan,nan,LEADER
1786696524885343170,2026-08-14T15:35:24.885392,prediction,-0.158078,0.583000,-0.046187,-0.156829,0.572100,-0.047762,True,-0.152978,0.565768,-0.032064,0.003850,0.006332,0.015698,0.00,10,0.207303,1.029948,0.345982,0.000000,0.000000,0.000000,0.000000,0.000000,0.000000,nan,nan,nan,nan,nan,nan,LEADER
1786696524917674711,2026-08-14T15:35:24.917717,prediction,-0.156963,0.573000,-0.047593,-0.156866,0.572767,-0.047715,True,-0.152929,0.565840,-0.032212,0.003937,0.006926,0.015503,0.00,10,0.207190,1.032042,0.343522,0.000000,0.000000,0.000000,0.000000,0.000000,0.000000,nan,nan,nan,nan,nan,nan,LEADER
1786696524950747559,2026-08-14T15:35:24.950769,prediction,-0.156963,0.573000,-0.047593,-0.156948,0.573167,-0.047612,True,-0.152891,0.565897,-0.032327,0.004057,0.007270,0.015285,0.00,10,0.207190,1.032042,0.343522,0.000000,0.000000,0.000000,0.000000,0.000000,0.000000,nan,nan,nan,nan,nan,nan,LEADER
1786696524984265159,2026-08-14T15:35:24.984310,prediction,-0.157521,0.578000,-0.046890,-0.157022,0.573513,-0.047518,True,-0.152863,0.565939,-0.032413,0.004160,0.007575,0.015106,0.00,10,0.206842,1.029893,0.345404,0.000000,0.000000,0.000000,0.000000,0.000000,0.000000,nan,nan,nan,nan,nan,nan,LEADER
1786696525017380827,2026-08-14T15:35:25.017406,prediction,-0.156963,0.573000,-0.047593,-0.157104,0.574169,-0.047415,True,-0.152843,0.565968,-0.032472,0.004261,0.008202,0.014943,0.00,10,0.206842,1.029893,0.345404,0.000000,0.000000,0.000000,0.000000,0.000000,0.000000,nan,nan,nan,nan,nan,nan,LEADER
1786696525052496666,2026-08-14T15:35:25.052525,prediction,-0.156963,0.573000,-0.047593,-0.157104,0.574169,-0.047415,True,-0.152830,0.565986,-0.032509,0.004274,0.008183,0.014906,0.00,10,0.206554,1.030319,0.344535,0.000000,0.000000,0.000000,0.000000,0.000000,0.000000,nan,nan,nan,nan,nan,nan,LEADER
1786696525086306232,2026-08-14T15:35:25.086380,prediction,-0.154031,0.573000,-0.047593,-0.156871,0.574567,-0.047462,True,-0.152824,0.565996,-0.032529,0.004048,0.008571,0.014933,0.00,10,0.206554,1.030319,0.344535,0.000000,0.000000,0.000000,0.000000,0.000000,0.000000,nan,nan,nan,nan,nan,nan,LEADER
1786696525120420177,2026-08-14T15:35:25.120438,prediction,-0.155729,0.588000,-0.045484,-0.156752,0.574380,-0.047368,True,-0.152821,0.565999,-0.032537,0.003931,0.008381,0.014831,0.00,10,0.206892,1.029821,0.345553,0.000000,0.000000,0.000000,0.000000,0.000000,0.000000,nan,nan,nan,nan,nan,nan,LEADER
1786696525152377489,2026-08-14T15:35:25.152418,prediction,-0.153465,0.568000,-0.048296,-0.156601,0.574076,-0.047312,True,-0.152821,0.566000,-0.032538,0.003780,0.008076,0.014774,0.00,10,0.206601,1.030250,0.344676,0.000000,0.000000,0.000000,0.000000,0.000000,0.000000,nan,nan,nan,nan,nan,nan,LEADER
1786696525185798158,2026-08-14T15:35:25.185820,prediction,-0.154597,0.578000,-0.046890,-0.156406,0.574015,-0.047312,True,-0.152821,0.566000,-0.032538,0.003585,0.008015,0.014774,0.00,10,0.206601,1.030250,0.344676,0.000000,0.000000,0.000000,0.000000,0.000000,0.000000,nan,nan,nan,nan,nan,nan,LEADER
1786696525219709724,2026-08-14T15:35:25.219759,prediction,-0.154597,0.578000,-0.046890,-0.156248,0.574270,-0.047265,True,-0.152821,0.566000,-0.032538,0.003427,0.008270,0.014727,0.00,10,0.206959,1.029721,0.345756,0.000000,0.000000,0.000000,0.000000,0.000000,0.000000,nan,nan,nan,nan,nan,nan,LEADER
1786696525251832585,2026-08-14T15:35:25.251867,prediction,-0.154597,0.578000,-0.046890,-0.156248,0.574270,-0.047265,True,-0.152821,0.566000,-0.032538,0.003427,0.008270,0.014727,0.00,10,0.206959,1.029721,0.345756,0.000000,0.000000,0.000000,0.000000,0.000000,0.000000,nan,nan,nan,nan,nan,nan,LEADER
1786696525284479457,2026-08-14T15:35:25.284521,prediction,-0.154031,0.573000,-0.047593,-0.156090,0.574587,-0.047218,True,-0.152821,0.566000,-0.032538,0.003269,0.008587,0.014680,0.00,10,0.206689,1.030120,0.344941,0.000000,0.000000,0.000000,0.000000,0.000000,0.000000,nan,nan,nan,nan,nan,nan,LEADER
1786696525322744766,2026-08-14T15:35:25.322807,prediction,-0.153465,0.568000,-0.048296,-0.155857,0.574651,-0.047265,True,-0.152821,0.566000,-0.032538,0.003036,0.008651,0.014727,0.00,10,0.206689,1.030120,0.344941,0.000000,0.000000,0.000000,0.000000,0.000000,0.000000,nan,nan,nan,nan,nan,nan,LEADER
1786696525358066962,2026-08-14T15:35:25.358124,prediction,-0.153465,0.568000,-0.048296,-0.155857,0.574651,-0.047265,True,-0.152821,0.566000,-0.032538,0.003036,0.008651,0.014727,0.00,10,0.206689,1.030120,0.344941,0.000000,0.000000,0.000000,0.000000,0.000000,0.000000,nan,nan,nan,nan,nan,nan,LEADER
1786696525384186294,2026-08-14T15:35:25.384209,prediction,-0.154597,0.578000,-0.046890,-0.155699,0.574663,-0.047218,True,-0.152821,0.566000,-0.032538,0.002878,0.008663,0.014680,0.00,10,0.206963,1.029716,0.345767,0.000000,0.000000,0.000000,0.000000,0.000000,0.000000,nan,nan,nan,nan,nan,nan,LEADER
1786696525417064619,2026-08-14T15:35:25.417085,prediction,-0.154031,0.573000,-0.047593,-0.155503,0.574666,-0.047218,True,-0.152821,0.566000,-0.032538,0.002682,0.008666,0.014680,0.00,10,0.206707,1.030092,0.344997,0.000000,0.000000,0.000000,0.000000,0.000000,0.000000,nan,nan,nan,nan,nan,nan,LEADER
1786696525451297466,2026-08-14T15:35:25.451335,prediction,-0.154031,0.573000,-0.047593,-0.155503,0.574666,-0.047218,True,-0.152821,0.566000,-0.032538,0.002682,0.008666,0.014680,0.00,10,0.206707,1.030092,0.344997,0.000000,0.000000,0.000000,0.000000,0.000000,0.000000,nan,nan,nan,nan,nan,nan,LEADER
1786696525483986546,2026-08-14T15:35:25.484022,prediction,-0.154597,0.578000,-0.046890,-0.155308,0.574933,-0.047218,True,-0.152821,0.566000,-0.032538,0.002487,0.008933,0.014680,0.00,10,0.206707,1.030092,0.344997,0.000000,0.000000,0.000000,0.000000,0.000000,0.000000,nan,nan,nan,nan,nan,nan,LEADER
1786696525517967693,2026-08-14T15:35:25.518005,prediction,-0.153465,0.568000,-0.048296,-0.155001,0.574720,-0.047359,True,-0.152821,0.566000,-0.032538,0.002180,0.008720,0.014821,0.00,10,0.206734,1.030053,0.345078,0.000000,0.000000,0.000000,0.000000,0.000000,0.000000,nan,nan,nan,nan,nan,nan,LEADER
1786696525551423087,2026-08-14T15:35:25.551447,prediction,-0.154031,0.573000,-0.047593,-0.154805,0.574411,-0.047359,True,-0.152821,0.566000,-0.032538,0.001984,0.008411,0.014821,0.00,10,0.206734,1.030053,0.345078,0.000000,0.000000,0.000000,0.000000,0.000000,0.000000,nan,nan,nan,nan,nan,nan,LEADER
1786696525584376341,2026-08-14T15:35:25.584405,prediction,-0.153465,0.568000,-0.048296,-0.154572,0.574082,-0.047406,True,-0.152821,0.566000,-0.032538,0.001751,0.008082,0.014868,0.00,10,0.206734,1.030053,0.345078,0.000000,0.000000,0.000000,0.000000,0.000000,0.000000,nan,nan,nan,nan,nan,nan,LEADER
1786696525618314979,2026-08-14T15:35:25.618337,prediction,-0.152220,0.557000,-0.049843,-0.154219,0.573750,-0.047603,True,-0.152821,0.566000,-0.032538,0.001398,0.007750,0.015065,0.00,10,0.206734,1.030053,0.345078,0.000000,0.000000,0.000000,0.000000,0.000000,0.000000,nan,nan,nan,nan,nan,nan,LEADER
1786696525652608400,2026-08-14T15:35:25.652626,prediction,-0.154031,0.573000,-0.044656,-0.154023,0.573417,-0.047407,True,-0.152821,0.566000,-0.032538,0.001202,0.007417,0.014869,0.00,10,0.206734,1.030053,0.345078,0.000000,0.000000,0.000000,0.000000,0.000000,0.000000,nan,nan,nan,nan,nan,nan,LEADER
1786696525684261512,2026-08-14T15:35:25.684329,prediction,-0.152786,0.562000,-0.046184,-0.153940,0.572763,-0.047313,True,-0.152821,0.566000,-0.032538,0.001119,0.006763,0.014775,0.00,10,0.206734,1.030053,0.345078,0.000000,0.000000,0.000000,0.000000,0.000000,0.000000,nan,nan,nan,nan,nan,nan,LEADER
1786696525717070307,2026-08-14T15:35:25.717090,prediction,-0.155163,0.583000,-0.043266,-0.153903,0.572633,-0.047165,True,-0.152821,0.566000,-0.032538,0.001082,0.006633,0.014627,0.00,10,0.206734,1.030053,0.345078,0.000000,0.000000,0.000000,0.000000,0.000000,0.000000,nan,nan,nan,nan,nan,nan,LEADER
1786696525750552140,2026-08-14T15:35:25.750567,prediction,-0.155163,0.583000,-0.043266,-0.153903,0.572633,-0.047165,True,-0.152821,0.566000,-0.032538,0.001082,0.006633,0.014627,0.00,10,0.206734,1.030053,0.345078,0.000000,0.000000,0.000000,0.000000,0.000000,0.000000,nan,nan,nan,nan,nan,nan,LEADER
1786696525783701831,2026-08-14T15:35:25.783721,prediction,-0.155163,0.583000,-0.043266,-0.153903,0.572633,-0.047165,True,-0.152821,0.566000,-0.032538,0.001082,0.006633,0.014627,0.00,10,0.206734,1.030053,0.345078,0.000000,0.000000,0.000000,0.000000,0.000000,0.000000,nan,nan,nan,nan,nan,nan,LEADER
1786696525817279283,2026-08-14T15:35:25.817302,prediction,-0.155163,0.583000,-0.043266,-0.153903,0.572633,-0.047165,True,-0.152821,0.566000,-0.032538,0.001082,0.006633,0.014627,0.00,10,0.206734,1.030053,0.345078,0.000000,0.000000,0.000000,0.000000,0.000000,0.000000,nan,nan,nan,nan,nan,nan,LEADER
1786696525850605245,2026-08-14T15:35:25.850623,prediction,-0.155163,0.583000,-0.043266,-0.153903,0.572633,-0.047165,True,-0.152821,0.566000,-0.032538,0.001082,0.006633,0.014627,0.00,10,0.206734,1.030053,0.345078,0.000000,0.000000,0.000000,0.000000,0.000000,0.000000,nan,nan,nan,nan,nan,nan,LEADER
1786696525883518895,2026-08-14T15:35:25.883534,prediction,-0.155163,0.583000,-0.043266,-0.153903,0.572633,-0.047165,True,-0.152821,0.566000,-0.032538,0.001082,0.006633,0.014627,0.00,10,0.206734,1.030053,0.345078,0.000000,0.000000,0.000000,0.000000,0.000000,0.000000,nan,nan,nan,nan,nan,nan,LEADER
1786696525917102238,2026-08-14T15:35:25.917123,prediction,-0.155163,0.583000,-0.043266,-0.153903,0.572633,-0.047165,True,-0.152821,0.566000,-0.032538,0.001082,0.006633,0.014627,0.00,10,0.206734,1.030053,0.345078,0.000000,0.000000,0.000000,0.000000,0.000000,0.000000,nan,nan,nan,nan,nan,nan,LEADER
1786696525951064159,2026-08-14T15:35:25.951120,prediction,-0.155163,0.583000,-0.043266,-0.153903,0.572633,-0.047165,True,-0.152821,0.566000,-0.032538,0.001082,0.006633,0.014627,0.00,10,0.206734,1.030053,0.345078,0.000000,0.000000,0.000000,0.000000,0.000000,0.000000,nan,nan,nan,nan,nan,nan,LEADER
1786696525983943625,2026-08-14T15:35:25.983987,prediction,-0.153465,0.568000,-0.045351,-0.153903,0.572340,-0.046969,True,-0.152821,0.566000,-0.032538,0.001082,0.006340,0.014431,0.00,10,0.206734,1.030053,0.345078,0.000000,0.000000,0.000000,0.000000,0.000000,0.000000,nan,nan,nan,nan,nan,nan,LEADER
1786696526017137650,2026-08-14T15:35:26.017157,prediction,-0.153465,0.568000,-0.045351,-0.153827,0.571748,-0.046866,True,-0.152821,0.566000,-0.032538,0.001006,0.005748,0.014328,0.00,10,0.206734,1.030053,0.345078,0.000000,0.000000,0.000000,0.000000,0.000000,0.000000,nan,nan,nan,nan,nan,nan,LEADER
1786696526050061650,2026-08-14T15:35:26.050079,prediction,-0.153465,0.568000,-0.045351,-0.153752,0.571096,-0.046763,True,-0.152821,0.566000,-0.032538,0.000931,0.005096,0.014225,0.00,10,0.206734,1.030053,0.345078,0.000000,0.000000,0.000000,0.000000,0.000000,0.000000,nan,nan,nan,nan,nan,nan,LEADER
1786696526083371762,2026-08-14T15:35:26.083384,prediction,-0.153465,0.568000,-0.045351,-0.153752,0.571096,-0.046763,True,-0.152821,0.566000,-0.032538,0.000931,0.005096,0.014225,0.00,10,0.206734,1.030053,0.345078,0.000000,0.000000,0.000000,0.000000,0.000000,0.000000,nan,nan,nan,nan,nan,nan,LEADER
1786696526117195375,2026-08-14T15:35:26.117212,prediction,-0.154031,0.573000,-0.044656,-0.153789,0.570433,-0.046521,True,-0.152821,0.566000,-0.032538,0.000968,0.004433,0.013983,0.00,10,0.206734,1.030053,0.345078,0.000000,0.000000,0.000000,0.000000,0.000000,0.000000,nan,nan,nan,nan,nan,nan,LEADER
1786696526150149692,2026-08-14T15:35:26.150164,prediction,-0.154031,0.573000,-0.044656,-0.153827,0.570300,-0.046278,True,-0.152821,0.566000,-0.032538,0.001006,0.004300,0.013740,0.00,10,0.206734,1.030053,0.345078,0.000000,0.000000,0.000000,0.000000,0.000000,0.000000,nan,nan,nan,nan,nan,nan,LEADER
1786696526183486824,2026-08-14T15:35:26.183500,prediction,-0.154031,0.573000,-0.044656,-0.153789,0.570273,-0.046129,True,-0.152821,0.566000,-0.032538,0.000968,0.004273,0.013591,0.00,10,0.206734,1.030053,0.345078,0.000000,0.000000,0.000000,0.000000,0.000000,0.000000,nan,nan,nan,nan,nan,nan,LEADER
1786696526217060219,2026-08-14T15:35:26.217080,prediction,-0.154031,0.573000,-0.044656,-0.153789,0.570268,-0.045934,True,-0.152821,0.566000,-0.032538,0.000968,0.004268,0.013396,0.00,10,0.206734,1.030053,0.345078,0.000000,0.000000,0.000000,0.000000,0.000000,0.000000,nan,nan,nan,nan,nan,nan,LEADER
1786696526250828508,2026-08-14T15:35:26.250844,prediction,-0.154597,0.578000,-0.043961,-0.153789,0.570000,-0.045738,True,-0.152821,0.566000,-0.032538,0.000968,0.004000,0.013200,0.00,10,0.206734,1.030053,0.345078,0.000000,0.000000,0.000000,0.000000,0.000000,0.000000,nan,nan,nan,nan,nan,nan,LEADER
1786696526283528158,2026-08-14T15:35:26.283550,prediction,-0.157521,0.578000,-0.043961,-0.154060,0.570213,-0.045449,True,-0.152821,0.566000,-0.032538,0.001239,0.004213,0.012911,0.00,10,0.206734,1.030053,0.345078,0.000000,0.000000,0.000000,0.000000,0.000000,0.000000,nan,nan,nan,nan,nan,nan,LEADER
1786696526317105911,2026-08-14T15:35:26.317127,prediction,-0.155736,0.562000,-0.046184,-0.154173,0.570523,-0.045355,True,-0.152821,0.566000,-0.032538,0.001352,0.004523,0.012817,0.00,10,0.206734,1.030053,0.345078,0.000000,0.000000,0.000000,0.000000,0.000000,0.000000,nan,nan,nan,nan,nan,nan,LEADER
1786696526350333850,2026-08-14T15:35:26.350351,prediction,-0.156405,0.568000,-0.045351,-0.154369,0.570584,-0.045159,True,-0.152821,0.566000,-0.032538,0.001548,0.004584,0.012621,0.00,10,0.206734,1.030053,0.345078,0.000000,0.000000,0.000000,0.000000,0.000000,0.000000,nan,nan,nan,nan,nan,nan,LEADER
1786696526383651316,2026-08-14T15:35:26.383673,prediction,-0.157521,0.578000,-0.043961,-0.154723,0.570597,-0.044767,True,-0.152821,0.566000,-0.032538,0.001902,0.004597,0.012229,0.00,10,0.206734,1.030053,0.345078,0.000000,0.000000,0.000000,0.000000,0.000000,0.000000,nan,nan,nan,nan,nan,nan,LEADER
1786696526417237995,2026-08-14T15:35:26.417260,prediction,-0.157521,0.578000,-0.043961,-0.154956,0.571133,-0.044721,True,-0.152821,0.566000,-0.032538,0.002135,0.005133,0.012183,0.00,10,0.206734,1.030053,0.345078,0.000000,0.000000,0.000000,0.000000,0.000000,0.000000,nan,nan,nan,nan,nan,nan,LEADER
1786696526450657332,2026-08-14T15:35:26.450678,prediction,-0.156963,0.573000,-0.044656,-0.155234,0.572093,-0.044619,True,-0.152821,0.566000,-0.032538,0.002413,0.006093,0.012081,0.00,10,0.206734,1.030053,0.345078,0.000000,0.000000,0.000000,0.000000,0.000000,0.000000,nan,nan,nan,nan,nan,nan,LEADER
1786696526483617098,2026-08-14T15:35:26.483637,prediction,-0.158078,0.583000,-0.043266,-0.155428,0.572552,-0.044619,True,-0.152821,0.566000,-0.032538,0.002607,0.006552,0.012081,0.00,10,0.206734,1.030053,0.345078,0.000000,0.000000,0.000000,0.000000,0.000000,0.000000,nan,nan,nan,nan,nan,nan,LEADER
1786696526517159826,2026-08-14T15:35:26.517189,prediction,-0.158636,0.588000,-0.042571,-0.155773,0.573444,-0.044433,True,-0.152821,0.566000,-0.032538,0.002952,0.007444,0.011895,0.00,10,0.206734,1.030053,0.345078,0.000000,0.000000,0.000000,0.000000,0.000000,0.000000,nan,nan,nan,nan,nan,nan,LEADER
1786696526550219149,2026-08-14T15:35:26.550247,prediction,-0.154597,0.578000,-0.043961,-0.155849,0.574422,-0.044341,True,-0.152821,0.566000,-0.032538,0.003028,0.008422,0.011803,0.00,10,0.206734,1.030053,0.345078,0.000000,0.000000,0.000000,0.000000,0.000000,0.000000,nan,nan,nan,nan,nan,nan,LEADER
1786696526583564447,2026-08-14T15:35:26.583592,prediction,-0.156963,0.573000,-0.044656,-0.156082,0.575151,-0.044294,True,-0.152821,0.566000,-0.032538,0.003261,0.009151,0.011756,0.00,10,0.206734,1.030053,0.345078,0.000000,0.000000,0.000000,0.000000,0.000000,0.000000,nan,nan,nan,nan,nan,nan,LEADER
1786696526617142861,2026-08-14T15:35:26.617164,prediction,-0.154597,0.578000,-0.043961,-0.156082,0.575830,-0.044294,True,-0.152821,0.566000,-0.032538,0.003261,0.009830,0.011756,0.00,10,0.206734,1.030053,0.345078,0.000000,0.000000,0.000000,0.000000,0.000000,0.000000,nan,nan,nan,nan,nan,nan,LEADER
1786696526650622410,2026-08-14T15:35:26.650642,prediction,-0.155729,0.588000,-0.042571,-0.156195,0.576233,-0.044155,True,-0.152821,0.566000,-0.032538,0.003374,0.010233,0.011617,0.00,10,0.206734,1.030053,0.345078,0.000000,0.000000,0.000000,0.000000,0.000000,0.000000,nan,nan,nan,nan,nan,nan,LEADER
1786696526683559454,2026-08-14T15:35:26.683576,prediction,-0.154597,0.578000,-0.043961,-0.156233,0.576580,-0.044109,True,-0.152821,0.566000,-0.032538,0.003412,0.010580,0.011571,0.00,10,0.206734,1.030053,0.345078,0.000000,0.000000,0.000000,0.000000,0.000000,0.000000,nan,nan,nan,nan,nan,nan,LEADER
1786696526717226594,2026-08-14T15:35:26.717271,prediction,-0.154031,0.573000,-0.044656,-0.156233,0.576916,-0.044109,True,-0.152821,0.566000,-0.032538,0.003412,0.010916,0.011571,0.00,10,0.206734,1.030053,0.345078,0.000000,0.000000,0.000000,0.000000,0.000000,0.000000,nan,nan,nan,nan,nan,nan,LEADER
1786696526752049516,2026-08-14T15:35:26.752108,prediction,-0.154597,0.578000,-0.043961,-0.156233,0.577250,-0.044109,True,-0.152821,0.566000,-0.032538,0.003412,0.011250,0.011571,0.00,10,0.206734,1.030053,0.345078,0.000000,0.000000,0.000000,0.000000,0.000000,0.000000,nan,nan,nan,nan,nan,nan,LEADER
1786696526784042715,2026-08-14T15:35:26.784058,prediction,-0.156861,0.598000,-0.041181,-0.156189,0.577317,-0.043924,True,-0.152821,0.566000,-0.032538,0.003368,0.011317,0.011386,0.00,10,0.206734,1.030053,0.345078,0.000000,0.000000,0.000000,0.000000,0.000000,0.000000,nan,nan,nan,nan,nan,nan,LEADER
1786696526817468874,2026-08-14T15:35:26.817494,prediction,-0.154597,0.578000,-0.043961,-0.156113,0.577330,-0.043776,True,-0.152821,0.566000,-0.032538,0.003292,0.011330,0.011238,0.00,10,0.206734,1.030053,0.345078,0.000000,0.000000,0.000000,0.000000,0.000000,0.000000,nan,nan,nan,nan,nan,nan,LEADER
1786696526850361035,2026-08-14T15:35:26.850379,prediction,-0.155163,0.583000,-0.043266,-0.156030,0.578133,-0.043637,True,-0.152821,0.566000,-0.032538,0.003209,0.012133,0.011099,0.00,10,0.206734,1.030053,0.345078,0.000000,0.000000,0.000000,0.000000,0.000000,0.000000,nan,nan,nan,nan,nan,nan,LEADER
1786696526883412203,2026-08-14T15:35:26.883429,prediction,-0.151099,0.573000,-0.044656,-0.155602,0.578826,-0.043683,True,-0.152821,0.566000,-0.032538,0.002781,0.012826,0.011145,0.00,10,0.206734,1.030053,0.345078,0.000000,0.000000,0.000000,0.000000,0.000000,0.000000,nan,nan,nan,nan,nan,nan,LEADER
1786696526917074754,2026-08-14T15:35:26.917092,prediction,-0.155163,0.583000,-0.043266,-0.155445,0.579232,-0.043637,True,-0.152821,0.566000,-0.032538,0.002624,0.013232,0.011099,0.00,10,0.206734,1.030053,0.345078,0.000000,0.000000,0.000000,0.000000,0.000000,0.000000,nan,nan,nan,nan,nan,nan,LEADER
1786696526950472500,2026-08-14T15:35:26.950486,prediction,-0.154597,0.578000,-0.043961,-0.155287,0.579313,-0.043590,True,-0.152821,0.566000,-0.032538,0.002466,0.013313,0.011052,0.00,10,0.206734,1.030053,0.345078,0.000000,0.000000,0.000000,0.000000,0.000000,0.000000,nan,nan,nan,nan,nan,nan,LEADER
1786696526983501947,2026-08-14T15:35:26.983515,prediction,-0.155729,0.588000,-0.042571,-0.155130,0.579596,-0.043544,True,-0.152821,0.566000,-0.032538,0.002309,0.013596,0.011006,0.00,10,0.206734,1.030053,0.345078,0.000000,0.000000,0.000000,0.000000,0.000000,0.000000,nan,nan,nan,nan,nan,nan,LEADER
1786696527016863897,2026-08-14T15:35:27.016879,prediction,-0.151674,0.578000,-0.043961,-0.154666,0.579386,-0.043637,True,-0.152821,0.566000,-0.032538,0.001845,0.013386,0.011099,0.00,10,0.206734,1.030053,0.345078,0.000000,0.000000,0.000000,0.000000,0.000000,0.000000,nan,nan,nan,nan,nan,nan,LEADER
1786696527050878718,2026-08-14T15:35:27.050916,prediction,-0.155163,0.583000,-0.043266,-0.154704,0.579344,-0.043590,True,-0.152821,0.566000,-0.032538,0.001883,0.013344,0.011052,0.00,10,0.206734,1.030053,0.345078,0.000000,0.000000,0.000000,0.000000,0.000000,0.000000,nan,nan,nan,nan,nan,nan,LEADER
1786696527083472019,2026-08-14T15:35:27.083484,prediction,-0.155163,0.583000,-0.043266,-0.154704,0.579344,-0.043590,True,-0.152821,0.566000,-0.032538,0.001883,0.013344,0.011052,0.00,10,0.206734,1.030053,0.345078,0.000000,0.000000,0.000000,0.000000,0.000000,0.000000,nan,nan,nan,nan,nan,nan,LEADER
1786696527117648082,2026-08-14T15:35:27.117686,prediction,-0.154597,0.578000,-0.043961,-0.154546,0.579335,-0.043544,True,-0.152821,0.566000,-0.032538,0.001725,0.013335,0.011006,0.00,10,0.206734,1.030053,0.345078,0.000000,0.000000,0.000000,0.000000,0.000000,0.000000,nan,nan,nan,nan,nan,nan,LEADER
1786696527150531295,2026-08-14T15:35:27.150548,prediction,-0.155729,0.588000,-0.042571,-0.154622,0.579600,-0.043451,True,-0.152821,0.566000,-0.032538,0.001801,0.013600,0.010913,0.00,10,0.206734,1.030053,0.345078,0.000000,0.000000,0.000000,0.000000,0.000000,0.000000,nan,nan,nan,nan,nan,nan,LEADER
1786696527183539794,2026-08-14T15:35:27.183554,prediction,-0.155163,0.583000,-0.043266,-0.154584,0.579920,-0.043498,True,-0.152821,0.566000,-0.032538,0.001763,0.013920,0.010960,0.00,10,0.206734,1.030053,0.345078,0.000000,0.000000,0.000000,0.000000,0.000000,0.000000,nan,nan,nan,nan,nan,nan,LEADER
1786696527217095265,2026-08-14T15:35:27.217111,prediction,-0.154031,0.573000,-0.044656,-0.154546,0.580251,-0.043544,True,-0.152821,0.566000,-0.032538,0.001725,0.014251,0.011006,0.00,10,0.206734,1.030053,0.345078,0.000000,0.000000,0.000000,0.000000,0.000000,0.000000,nan,nan,nan,nan,nan,nan,LEADER
1786696527250358070,2026-08-14T15:35:27.250378,prediction,-0.152248,0.583000,-0.043266,-0.154427,0.580583,-0.043451,True,-0.152821,0.566000,-0.032538,0.001606,0.014583,0.010913,0.00,10,0.206734,1.030053,0.345078,0.000000,0.000000,0.000000,0.000000,0.000000,0.000000,nan,nan,nan,nan,nan,nan,LEADER
1786696527284937296,2026-08-14T15:35:27.284973,prediction,-0.152822,0.588000,-0.042571,-0.154309,0.580917,-0.043359,True,-0.152821,0.566000,-0.032538,0.001488,0.014917,0.010821,0.00,10,0.206734,1.030053,0.345078,0.000000,0.000000,0.000000,0.000000,0.000000,0.000000,nan,nan,nan,nan,nan,nan,LEADER
1786696527317081047,2026-08-14T15:35:27.317099,prediction,-0.152822,0.588000,-0.042571,-0.154309,0.580917,-0.043359,True,-0.152821,0.566000,-0.032538,0.001488,0.014917,0.010821,0.00,10,0.206734,1.030053,0.345078,0.000000,0.000000,0.000000,0.000000,0.000000,0.000000,nan,nan,nan,nan,nan,nan,LEADER
1786696527350690529,2026-08-14T15:35:27.350713,prediction,-0.151099,0.573000,-0.044656,-0.153925,0.581250,-0.043590,True,-0.152821,0.566000,-0.032538,0.001104,0.015250,0.011052,0.00,10,0.206734,1.030053,0.345078,0.000000,0.000000,0.000000,0.000000,0.000000,0.000000,nan,nan,nan,nan,nan,nan,LEADER
1786696527383920482,2026-08-14T15:35:27.383944,prediction,-0.151674,0.578000,-0.043961,-0.153730,0.581317,-0.043590,True,-0.152821,0.566000,-0.032538,0.000909,0.015317,0.011052,0.00,10,0.206734,1.030053,0.345078,0.000000,0.000000,0.000000,0.000000,0.000000,0.000000,nan,nan,nan,nan,nan,nan,LEADER
1786696527416930493,2026-08-14T15:35:27.416950,prediction,-0.151099,0.573000,-0.044656,-0.153459,0.580797,-0.043683,True,-0.152821,0.566000,-0.032538,0.000638,0.014797,0.011145,0.00,10,0.206734,1.030053,0.345078,0.000000,0.000000,0.000000,0.000000,0.000000,0.000000,nan,nan,nan,nan,nan,nan,LEADER
1786696527450473151,2026-08-14T15:35:27.450493,prediction,-0.150525,0.568000,-0.045351,-0.153421,0.580426,-0.043729,True,-0.152821,0.566000,-0.032538,0.000600,0.014426,0.011191,0.00,10,0.206734,1.030053,0.345078,0.000000,0.000000,0.000000,0.000000,0.000000,0.000000,nan,nan,nan,nan,nan,nan,LEADER
1786696527483422088,2026-08-14T15:35:27.483437,prediction,-0.152248,0.583000,-0.043266,-0.153227,0.579818,-0.043729,True,-0.152821,0.566000,-0.032538,0.000406,0.013818,0.011191,0.00,10,0.206734,1.030053,0.345078,0.000000,0.000000,0.000000,0.000000,0.000000,0.000000,nan,nan,nan,nan,nan,nan,LEADER
1786696527517707775,2026-08-14T15:35:27.517762,prediction,-0.152248,0.583000,-0.043266,-0.153070,0.579964,-0.043683,True,-0.152821,0.566000,-0.032538,0.000249,0.013964,0.011145,0.00,10,0.206734,1.030053,0.345078,0.000000,0.000000,0.000000,0.000000,0.000000,0.000000,nan,nan,nan,nan,nan,nan,LEADER
1786696527551914044,2026-08-14T15:35:27.551969,prediction,-0.151099,0.573000,-0.044656,-0.152761,0.579993,-0.043822,True,-0.152821,0.566000,-0.032538,0.000060,0.013993,0.011284,0.00,10,0.206734,1.030053,0.345078,0.000000,0.000000,0.000000,0.000000,0.000000,0.000000,nan,nan,nan,nan,nan,nan,LEADER
1786696527584068725,2026-08-14T15:35:27.584107,prediction,-0.152248,0.583000,-0.043266,-0.152800,0.580265,-0.043776,True,-0.152821,0.566000,-0.032538,0.000021,0.014265,0.011238,0.00,10,0.206734,1.030053,0.345078,0.000000,0.000000,0.000000,0.000000,0.000000,0.000000,nan,nan,nan,nan,nan,nan,LEADER
1786696527617566669,2026-08-14T15:35:27.617588,prediction,-0.150525,0.568000,-0.045351,-0.152490,0.579786,-0.043915,True,-0.152821,0.566000,-0.032538,0.000331,0.013786,0.011377,0.00,10,0.206734,1.030053,0.345078,0.000000,0.000000,0.000000,0.000000,0.000000,0.000000,nan,nan,nan,nan,nan,nan,LEADER
1786696527650675795,2026-08-14T15:35:27.650695,prediction,-0.151674,0.578000,-0.043961,-0.152295,0.579691,-0.043915,True,-0.152821,0.566000,-0.032538,0.000526,0.013691,0.011377,0.00,10,0.206734,1.030053,0.345078,0.000000,0.000000,0.000000,0.000000,0.000000,0.000000,nan,nan,nan,nan,nan,nan,LEADER
1786696527683739898,2026-08-14T15:35:27.683754,prediction,-0.150525,0.568000,-0.045351,-0.151948,0.578871,-0.044100,True,-0.152821,0.566000,-0.032538,0.000873,0.012871,0.011562,0.00,10,0.206734,1.030053,0.345078,0.000000,0.000000,0.000000,0.000000,0.000000,0.000000,nan,nan,nan,nan,nan,nan,LEADER
1786696527717928934,2026-08-14T15:35:27.717945,prediction,-0.153396,0.593000,-0.041876,-0.151831,0.578441,-0.044007,True,-0.152821,0.566000,-0.032538,0.000990,0.012441,0.011469,0.00,10,0.206734,1.030053,0.345078,0.000000,0.000000,0.000000,0.000000,0.000000,0.000000,nan,nan,nan,nan,nan,nan,LEADER
1786696527750495286,2026-08-14T15:35:27.750513,prediction,-0.151099,0.573000,-0.044656,-0.151635,0.577821,-0.044007,True,-0.152821,0.566000,-0.032538,0.001186,0.011821,0.011469,0.00,10,0.206734,1.030053,0.345078,0.000000,0.000000,0.000000,0.000000,0.000000,0.000000,nan,nan,nan,nan,nan,nan,LEADER
1786696527783555501,2026-08-14T15:35:27.783574,prediction,-0.152248,0.583000,-0.043266,-0.151635,0.577698,-0.044007,True,-0.152821,0.566000,-0.032538,0.001186,0.011698,0.011469,0.00,10,0.206734,1.030053,0.345078,0.000000,0.000000,0.000000,0.000000,0.000000,0.000000,nan,nan,nan,nan,nan,nan,LEADER
1786696527816873338,2026-08-14T15:35:27.816887,prediction,-0.151674,0.578000,-0.043961,-0.151559,0.577406,-0.044100,True,-0.152821,0.566000,-0.032538,0.001262,0.011406,0.011562,0.00,10,0.206734,1.030053,0.345078,0.000000,0.000000,0.000000,0.000000,0.000000,0.000000,nan,nan,nan,nan,nan,nan,LEADER
1786696527850725815,2026-08-14T15:35:27.850744,prediction,-0.151674,0.578000,-0.043961,-0.151597,0.577081,-0.044054,True,-0.152821,0.566000,-0.032538,0.001224,0.011081,0.011516,0.00,10,0.206734,1.030053,0.345078,0.000000,0.000000,0.000000,0.000000,0.000000,0.000000,nan,nan,nan,nan,nan,nan,LEADER
1786696527883195676,2026-08-14T15:35:27.883211,prediction,-0.154031,0.573000,-0.044656,-0.151754,0.577016,-0.044100,True,-0.152821,0.566000,-0.032538,0.001067,0.011016,0.011562,0.00,10,0.206734,1.030053,0.345078,0.000000,0.000000,0.000000,0.000000,0.000000,0.000000,nan,nan,nan,nan,nan,nan,LEADER
1786696527916784490,2026-08-14T15:35:27.916800,prediction,-0.154597,0.578000,-0.043961,-0.151987,0.577270,-0.044054,True,-0.152821,0.566000,-0.032538,0.000834,0.011270,0.011516,0.00,10,0.206734,1.030053,0.345078,0.000000,0.000000,0.000000,0.000000,0.000000,0.000000,nan,nan,nan,nan,nan,nan,LEADER
1786696527950331105,2026-08-14T15:35:27.950346,prediction,-0.154597,0.578000,-0.043961,-0.151987,0.577270,-0.044054,True,-0.152821,0.566000,-0.032538,0.000834,0.011270,0.011516,0.00,10,0.206734,1.030053,0.345078,0.000000,0.000000,0.000000,0.000000,0.000000,0.000000,nan,nan,nan,nan,nan,nan,LEADER
1786696527983585643,2026-08-14T15:35:27.983599,prediction,-0.154031,0.573000,-0.044656,-0.152221,0.577321,-0.044007,True,-0.152821,0.566000,-0.032538,0.000600,0.011321,0.011469,0.00,10,0.206734,1.030053,0.345078,0.000000,0.000000,0.000000,0.000000,0.000000,0.000000,nan,nan,nan,nan,nan,nan,LEADER
1786696528016872372,2026-08-14T15:35:28.016889,prediction,-0.154597,0.578000,-0.041032,-0.152378,0.577597,-0.043858,True,-0.152821,0.566000,-0.032538,0.000443,0.011597,0.011320,0.00,10,0.206734,1.030053,0.345078,0.000000,0.000000,0.000000,0.000000,0.000000,0.000000,nan,nan,nan,nan,nan,nan,LEADER


============================================================
EXPERIMENT METRICS
  File: experiment_SVGP+MJM_20260814_153517.csv
  Total samples: 270
  Task completion time: 10.97 s
  --- Prediction Accuracy (over 270 samples) ---
  Avg Inference Time: 18.55 ms
  Mean Squared Error (MSE): 0.003019 m²
  Mean Absolute Error (MAE - 3D): 0.0253 m
      MAE X: 0.0052 m
      MAE Y: 0.0167 m
      MAE Z: 0.0111 m
  --- Trajectory Smoothness (Robot EE) ---
  Mean Jerk (3D): 32.5667 m/s³
      Jerk X: 12.7318 m/s³
      Jerk Y: 26.3436 m/s³
      Jerk Z: 10.7161 m/s³
  Max Jerk (3D): 162.0313 m/s³
  RMS Jerk (3D): 43.7871 m/s³
============================================================
