ros_timestamp_ns,wall_time,trajectory_mode,meas_x,meas_y,meas_z,filt_x,filt_y,filt_z,is_tracked,pred_x,pred_y,pred_z,mae_x,mae_y,mae_z,inference_ms,buffer_size,target_x,target_y,target_z,robot_ee_x,robot_ee_y,robot_ee_z,j1_vel,j2_vel,j3_vel,j4_vel,j5_vel,j6_vel,j1_eff,j2_eff,j3_eff,j4_eff,j5_eff,j6_eff,role
1786962569958589269,2026-08-17T17:29:29.958606,prediction,0.170927,-0.236000,0.023445,0.170468,-0.214000,0.024213,True,0.179067,-0.238326,0.023169,0.008140,0.002326,0.000276,21.12,10,,,,-0.161989,0.308960,0.388253,0.000000,0.000000,0.000000,0.000000,0.000000,0.000000,-0.005460,-0.139160,0.089059,-0.014208,0.021216,-0.008032,OFF
1786962570000891495,2026-08-17T17:29:30.000907,prediction,0.170697,-0.225000,0.023829,0.170468,-0.214000,0.024213,True,0.177781,-0.232326,0.022845,0.007083,0.007326,0.000984,26.54,10,-0.161989,0.308960,0.388255,-0.161989,0.308960,0.388255,0.000000,0.000000,0.000000,0.000000,0.000000,0.000000,-0.004340,-0.139160,0.089972,-0.014208,0.021216,-0.008416,OFF
1786962570036516318,2026-08-17T17:29:30.036535,prediction,0.169320,-0.159000,0.026132,0.170468,-0.214000,0.024213,True,0.175229,-0.226326,0.023717,0.005909,0.067326,0.002415,26.03,10,-0.161989,0.308960,0.388255,-0.161989,0.308960,0.388255,0.000000,0.000000,0.000000,0.000000,0.000000,0.000000,-0.004340,-0.139160,0.089972,-0.014208,0.021216,-0.008416,OFF
1786962570057284534,2026-08-17T17:29:30.057305,prediction,0.169320,-0.159000,0.026132,0.169320,-0.170000,0.026132,True,0.173511,-0.220326,0.024351,0.004192,0.061326,0.001780,18.90,10,-0.161989,0.308960,0.388255,-0.161989,0.308960,0.388255,0.000000,0.000000,0.000000,0.000000,0.000000,0.000000,-0.004340,-0.139160,0.089972,-0.014208,0.021216,-0.008416,OFF
1786962570093400514,2026-08-17T17:29:30.093429,prediction,0.170927,-0.236000,0.023445,0.170468,-0.214000,0.024213,True,0.174334,-0.222347,0.023525,0.003407,0.013653,0.000080,21.00,10,-0.161989,0.308960,0.388255,-0.161989,0.308960,0.388255,0.000000,0.000000,0.000000,0.000000,0.000000,0.000000,-0.004340,-0.139160,0.089972,-0.014208,0.021216,-0.008416,OFF
1786962570133365583,2026-08-17T17:29:30.133385,prediction,0.170927,-0.236000,0.023445,0.170468,-0.214000,0.024213,True,0.174936,-0.224104,0.022930,0.004009,0.011896,0.000515,24.97,10,-0.161989,0.308960,0.388255,-0.161989,0.308960,0.388255,0.000000,0.000000,0.000000,0.000000,0.000000,0.000000,-0.004900,-0.139160,0.088727,-0.014208,0.021216,-0.008480,OFF
1786962570160947418,2026-08-17T17:29:30.160972,prediction,0.170468,-0.214000,0.024213,0.170468,-0.214000,0.024213,True,0.174737,-0.218998,0.022896,0.004269,0.004998,0.001317,18.68,10,-0.161989,0.308960,0.388255,-0.161989,0.308960,0.388255,0.000000,0.000000,0.000000,0.000000,0.000000,0.000000,-0.004340,-0.139160,0.088727,-0.014208,0.020928,-0.007808,OFF
1786962570191945797,2026-08-17T17:29:30.191967,prediction,0.170697,-0.225000,0.023829,0.170468,-0.214000,0.024213,True,0.174861,-0.218498,0.022702,0.004163,0.006502,0.001126,20.32,10,-0.161989,0.308960,0.388255,-0.161989,0.308960,0.388255,0.000000,0.000000,0.000000,0.000000,0.000000,0.000000,-0.005180,-0.139160,0.088727,-0.014208,0.021216,-0.008864,OFF
1786962570219878874,2026-08-17T17:29:30.219893,prediction,0.170697,-0.225000,0.023829,0.170468,-0.214000,0.024213,True,0.174913,-0.218014,0.022576,0.004216,0.006986,0.001253,15.64,10,-0.161989,0.308960,0.388255,-0.161989,0.308960,0.388255,0.000000,0.000000,0.000000,0.000000,0.000000,0.000000,-0.004340,-0.139160,0.088727,-0.014208,0.021216,-0.008704,OFF
1786962570253830062,2026-08-17T17:29:30.253846,prediction,0.170468,-0.214000,0.028526,0.170468,-0.214000,0.024213,True,0.174678,-0.214339,0.023981,0.004210,0.000339,0.004545,16.70,10,-0.161989,0.308960,0.388255,-0.161989,0.308960,0.388255,0.000000,0.000000,0.000000,0.000000,0.000000,0.000000,-0.004340,-0.139160,0.088727,-0.014208,0.021216,-0.008704,OFF
1786962570291053690,2026-08-17T17:29:30.291068,prediction,0.170468,-0.214000,0.028526,0.170468,-0.214000,0.024213,True,0.174506,-0.211720,0.025010,0.004038,0.002280,0.003516,17.35,10,-0.161989,0.308960,0.388255,-0.161989,0.308960,0.388255,0.000000,0.000000,0.000000,0.000000,0.000000,0.000000,-0.004340,-0.139160,0.088727,-0.014208,0.021216,-0.008704,OFF
1786962570321997586,2026-08-17T17:29:30.322013,prediction,0.170009,-0.192000,0.029258,0.170468,-0.214000,0.024213,True,0.173806,-0.205720,0.026104,0.003797,0.013720,0.003154,18.32,10,-0.161989,0.308960,0.388255,-0.161989,0.308960,0.388255,0.000000,0.000000,0.000000,0.000000,0.000000,0.000000,-0.004340,-0.139160,0.088727,-0.014208,0.021216,-0.008704,OFF
1786962570355983128,2026-08-17T17:29:30.356003,prediction,0.171637,-0.270000,0.026665,0.170468,-0.214000,0.024213,True,0.175518,-0.211720,0.025564,0.003881,0.058280,0.001100,19.18,10,-0.161989,0.308960,0.388255,-0.161989,0.308960,0.388255,0.000000,0.000000,0.000000,0.000000,0.000000,0.000000,-0.004340,-0.139160,0.088727,-0.014208,0.021216,-0.008704,OFF
1786962570386592633,2026-08-17T17:29:30.386608,prediction,0.171157,-0.247000,0.027429,0.170468,-0.214000,0.024213,True,0.176017,-0.217720,0.025544,0.004860,0.029280,0.001885,15.45,10,-0.161989,0.308960,0.388255,-0.161989,0.308960,0.388255,0.000000,0.000000,0.000000,0.000000,0.000000,0.000000,-0.005180,-0.139160,0.088727,-0.014208,0.021216,-0.008704,OFF
1786962570422650423,2026-08-17T17:29:30.422679,prediction,0.171157,-0.247000,0.031797,0.170468,-0.214000,0.024213,True,0.176372,-0.223206,0.026836,0.005215,0.023794,0.004961,18.47,10,-0.161989,0.308960,0.388255,-0.161989,0.308960,0.388255,0.000000,0.000000,0.000000,0.000000,0.000000,0.000000,-0.004340,-0.139160,0.088727,-0.014208,0.021056,-0.008032,OFF
1786962570452469498,2026-08-17T17:29:30.452493,prediction,0.170468,-0.214000,0.032840,0.170468,-0.214000,0.024213,True,0.175656,-0.217429,0.028330,0.005188,0.003429,0.004510,15.92,10,-0.161989,0.308960,0.388255,-0.161989,0.308960,0.388255,0.000000,0.000000,0.000000,0.000000,0.000000,0.000000,-0.004340,-0.139160,0.088727,-0.014208,0.021056,-0.008032,OFF
1786962570484109757,2026-08-17T17:29:30.484132,prediction,0.171637,-0.270000,0.035477,0.170468,-0.214000,0.024213,True,0.176791,-0.223429,0.029735,0.005154,0.046571,0.005742,13.96,10,-0.161989,0.308960,0.388255,-0.161989,0.308960,0.388255,0.000000,0.000000,0.000000,0.000000,0.000000,0.000000,-0.004340,-0.139160,0.088727,-0.014208,0.021056,-0.008032,OFF
1786962570516451899,2026-08-17T17:29:30.516495,prediction,0.170468,-0.214000,0.037153,0.170468,-0.214000,0.024213,True,0.175952,-0.217429,0.031678,0.005484,0.003429,0.005475,13.69,10,-0.161989,0.308960,0.388255,-0.161989,0.308960,0.388255,0.000000,0.000000,0.000000,0.000000,0.000000,0.000000,-0.004340,-0.139160,0.088727,-0.014208,0.021056,-0.008032,OFF
1786962570557126766,2026-08-17T17:29:30.557140,prediction,0.170927,-0.236000,0.036495,0.170468,-0.214000,0.024213,True,0.175983,-0.219390,0.032665,0.005056,0.016610,0.003829,18.74,10,-0.161989,0.308960,0.388255,-0.161989,0.308960,0.388255,0.000000,0.000000,0.000000,0.000000,0.000000,0.000000,-0.005180,-0.139160,0.089972,-0.014528,0.021376,-0.008256,OFF
1786962570586530227,2026-08-17T17:29:30.586560,prediction,0.170927,-0.236000,0.036495,0.170468,-0.214000,0.024213,True,0.175995,-0.220793,0.033324,0.005068,0.015207,0.003171,16.60,10,-0.161989,0.308960,0.388255,-0.161989,0.308960,0.388255,0.000000,0.000000,0.000000,0.000000,0.000000,0.000000,-0.005880,-0.139160,0.089972,-0.014528,0.021440,-0.009312,OFF
1786962570621823074,2026-08-17T17:29:30.621842,prediction,0.170697,-0.225000,0.036824,0.170468,-0.214000,0.024213,True,0.175696,-0.218620,0.033945,0.004999,0.006380,0.002879,17.16,10,-0.161989,0.308960,0.388255,-0.161989,0.308960,0.388255,0.000000,0.000000,0.000000,0.000000,0.000000,0.000000,-0.005880,-0.139160,0.088727,-0.014528,0.021216,-0.008032,OFF
1786962570654350546,2026-08-17T17:29:30.654371,prediction,0.170927,-0.236000,0.040845,0.170468,-0.214000,0.024213,True,0.175842,-0.220205,0.035473,0.004915,0.015795,0.005372,16.17,10,-0.161989,0.308960,0.388255,-0.161989,0.308960,0.388255,0.000000,0.000000,0.000000,0.000000,0.000000,0.000000,-0.005880,-0.139160,0.088727,-0.014528,0.021216,-0.008032,OFF
1786962570685973443,2026-08-17T17:29:30.685989,prediction,0.170927,-0.236000,0.040845,0.170468,-0.214000,0.024213,True,0.175939,-0.221373,0.036552,0.005012,0.014627,0.004292,15.32,10,-0.161989,0.308960,0.388255,-0.161989,0.308960,0.388255,0.000000,0.000000,0.000000,0.000000,0.000000,0.000000,-0.005880,-0.139160,0.088727,-0.014528,0.021216,-0.008032,OFF
1786962570721752978,2026-08-17T17:29:30.721772,prediction,0.170697,-0.225000,0.041156,0.170468,-0.214000,0.024213,True,0.175692,-0.219055,0.037469,0.004995,0.005946,0.003687,17.05,10,-0.161989,0.308960,0.388255,-0.161989,0.308960,0.388255,0.000000,0.000000,0.000000,0.000000,0.000000,0.000000,-0.005880,-0.139160,0.088727,-0.014528,0.021216,-0.008032,OFF
1786962570755652267,2026-08-17T17:29:30.755672,prediction,0.171637,-0.270000,0.044289,0.170468,-0.214000,0.024213,True,0.176872,-0.225055,0.038630,0.005236,0.044945,0.005658,17.80,10,-0.161989,0.308960,0.388255,-0.161989,0.308960,0.388255,0.000000,0.000000,0.000000,0.000000,0.000000,0.000000,-0.005880,-0.139160,0.088727,-0.014528,0.021216,-0.008032,OFF
1786962570787067081,2026-08-17T17:29:30.787081,prediction,0.171407,-0.259000,0.044582,0.170468,-0.214000,0.024213,True,0.177343,-0.230959,0.039647,0.005936,0.028041,0.004935,16.66,10,-0.161989,0.308960,0.388255,-0.161989,0.308960,0.388255,0.000000,0.000000,0.000000,0.000000,0.000000,0.000000,-0.005880,-0.139160,0.088727,-0.014528,0.021216,-0.008032,OFF
1786962570816943674,2026-08-17T17:29:30.816964,prediction,0.169779,-0.181000,0.046659,0.170468,-0.214000,0.024213,True,0.175488,-0.224959,0.041650,0.005709,0.043959,0.005010,13.72,10,-0.161989,0.308960,0.388255,-0.161989,0.308960,0.388255,0.000000,0.000000,0.000000,0.000000,0.000000,0.000000,-0.004900,-0.140700,0.089308,-0.014528,0.020928,-0.008480,OFF
1786962570851315244,2026-08-17T17:29:30.851335,prediction,0.172388,-0.306000,0.047796,0.170468,-0.214000,0.024213,True,0.177826,-0.230959,0.042234,0.005438,0.075041,0.005561,15.56,10,-0.161989,0.308960,0.388255,-0.161989,0.308960,0.388255,0.000000,0.000000,0.000000,0.000000,0.000000,0.000000,-0.006440,-0.140700,0.090636,-0.014816,0.021216,-0.009184,OFF
1786962570884376974,2026-08-17T17:29:30.884397,prediction,0.171407,-0.259000,0.048970,0.170468,-0.214000,0.024213,True,0.178002,-0.234778,0.043443,0.006595,0.024222,0.005526,13.89,10,-0.161989,0.308960,0.388255,-0.161989,0.308960,0.388255,0.000000,0.000000,0.000000,0.000000,0.000000,0.000000,-0.007000,-0.140700,0.090636,-0.014816,0.021216,-0.009184,OFF
1786962570922725374,2026-08-17T17:29:30.922738,prediction,0.171157,-0.247000,0.049270,0.170468,-0.214000,0.024213,True,0.177752,-0.233939,0.044491,0.006596,0.013061,0.004779,18.01,10,-0.161989,0.308960,0.388255,-0.161989,0.308960,0.388255,0.000000,0.001744,0.000000,0.000000,0.000000,0.000000,-0.005880,-0.140700,0.090636,-0.014816,0.021440,-0.008704,OFF
1786962570952230967,2026-08-17T17:29:30.952252,prediction,0.170468,-0.214000,0.054407,0.170468,-0.214000,0.024213,True,0.176654,-0.227939,0.047048,0.006186,0.013939,0.007360,16.33,10,-0.161989,0.308960,0.388255,-0.161989,0.308960,0.388255,0.000000,0.001744,0.000000,0.000000,0.000000,0.000000,-0.005880,-0.140700,0.090636,-0.014816,0.021440,-0.008704,OFF
1786962570986575306,2026-08-17T17:29:30.986589,prediction,0.170697,-0.225000,0.054151,0.170468,-0.214000,0.024213,True,0.176183,-0.222766,0.048686,0.005486,0.002234,0.005465,15.47,10,-0.161989,0.308960,0.388255,-0.161989,0.308960,0.388255,0.000000,0.001744,0.000000,0.000000,0.000000,0.000000,-0.005880,-0.140700,0.090636,-0.014816,0.021440,-0.008704,OFF
1786962571024802677,2026-08-17T17:29:31.024823,prediction,0.170927,-0.236000,0.058244,0.170468,-0.214000,0.024213,True,0.176227,-0.222355,0.050909,0.005300,0.013645,0.007335,19.02,10,-0.161989,0.308960,0.388255,-0.161989,0.308960,0.388255,0.000000,0.001744,0.000000,0.000000,0.000000,0.000000,-0.005880,-0.140700,0.090636,-0.014816,0.021440,-0.008704,OFF
1786962571052276649,2026-08-17T17:29:31.052290,prediction,0.170238,-0.203000,0.063255,0.170468,-0.214000,0.024213,True,0.175395,-0.216355,0.054324,0.005157,0.013355,0.008931,16.19,10,-0.161989,0.308960,0.388255,-0.161989,0.308960,0.388255,0.000000,0.001744,0.000000,0.000000,0.000000,0.000000,-0.005880,-0.142520,0.089308,-0.014816,0.021440,-0.008704,OFF
1786962571086308638,2026-08-17T17:29:31.086329,prediction,0.175516,-0.247000,0.066742,0.170468,-0.214000,0.024213,True,0.176941,-0.220836,0.057317,0.001425,0.026164,0.009425,15.77,10,-0.161989,0.308960,0.388255,-0.161989,0.308960,0.388255,0.000000,0.001744,0.000000,0.000000,0.000000,0.000000,-0.005460,-0.142520,0.090636,-0.014816,0.021440,-0.009760,OFF
1786962571119951183,2026-08-17T17:29:31.119971,prediction,0.175516,-0.247000,0.066742,0.170468,-0.214000,0.024213,True,0.178019,-0.224036,0.059418,0.002503,0.022964,0.007324,16.54,10,-0.161989,0.308960,0.388255,-0.161989,0.308960,0.388255,0.000000,0.000000,0.000000,0.000000,0.000000,0.000000,-0.005880,-0.142520,0.090636,-0.014816,0.021440,-0.008864,OFF
1786962571152176746,2026-08-17T17:29:31.152197,prediction,0.176845,-0.306000,0.070123,0.170468,-0.214000,0.024213,True,0.180404,-0.230036,0.061094,0.003559,0.075964,0.009029,15.58,10,-0.161989,0.308960,0.388255,-0.161989,0.308960,0.388255,0.000000,0.001744,0.000000,0.000000,0.000000,0.000000,-0.004340,-0.140700,0.090636,-0.014816,0.021216,-0.008192,OFF
1786962571184777797,2026-08-17T17:29:31.184792,prediction,0.176305,-0.282000,0.070525,0.170468,-0.214000,0.024213,True,0.181347,-0.236036,0.062678,0.005042,0.045964,0.007847,15.41,10,-0.161989,0.308960,0.388255,-0.161989,0.308960,0.388255,0.000000,0.001744,0.000000,0.000000,0.000000,0.000000,-0.004340,-0.140700,0.090636,-0.014816,0.021216,-0.008192,OFF
1786962571218207000,2026-08-17T17:29:31.218221,prediction,0.176034,-0.270000,0.070725,0.170468,-0.214000,0.024213,True,0.181601,-0.239817,0.063958,0.005566,0.030183,0.006768,15.09,10,-0.161989,0.308960,0.388255,-0.161989,0.308960,0.388255,0.000000,0.001744,0.000000,0.000000,0.000000,0.000000,-0.004340,-0.140700,0.090636,-0.014816,0.021216,-0.008192,OFF
1786962571253676971,2026-08-17T17:29:31.253694,prediction,0.175269,-0.236000,0.075644,0.172930,-0.244453,0.059189,True,0.180843,-0.233817,0.066651,0.005575,0.002183,0.008993,17.22,10,-0.161989,0.308960,0.388255,-0.161989,0.308960,0.388255,0.000000,0.001744,0.000000,0.000000,0.000000,0.000000,-0.004340,-0.140700,0.090636,-0.014528,0.020928,-0.008192,OFF
1786962571292981504,2026-08-17T17:29:31.293009,prediction,0.175021,-0.225000,0.075810,0.170468,-0.214000,0.024213,True,0.180020,-0.227817,0.068706,0.004999,0.002817,0.007103,22.13,10,-0.161989,0.308960,0.388255,-0.161989,0.308960,0.388255,0.000000,0.000000,0.000000,0.000000,0.000000,0.000000,-0.005880,-0.140700,0.090802,-0.014816,0.021376,-0.008704,OFF
1786962571334768608,2026-08-17T17:29:31.334786,prediction,0.171407,-0.259000,0.075297,0.173280,-0.242000,0.063180,True,0.179554,-0.230895,0.069496,0.008147,0.028105,0.005801,27.43,10,-0.161989,0.308960,0.388255,-0.161989,0.308960,0.388255,0.000000,0.000000,0.000000,0.000000,0.000000,0.000000,-0.005880,-0.140700,0.090802,-0.014816,0.021376,-0.008704,OFF
1786962571371659910,2026-08-17T17:29:31.371677,prediction,0.170927,-0.236000,0.079994,0.170468,-0.214000,0.024213,True,0.178611,-0.226849,0.071668,0.007684,0.009151,0.008326,28.83,10,-0.161989,0.308960,0.388255,-0.161989,0.308960,0.388255,0.000000,0.000000,0.000000,0.000000,0.000000,0.000000,-0.005880,-0.140700,0.090802,-0.014816,0.021376,-0.008704,OFF
1786962571390160289,2026-08-17T17:29:31.390177,prediction,0.171157,-0.247000,0.079846,0.173166,-0.240133,0.067385,True,0.178286,-0.227083,0.073017,0.007130,0.019917,0.006829,15.73,10,-0.161989,0.308960,0.388255,-0.161989,0.308960,0.388255,0.000000,0.000000,0.000000,0.000000,0.000000,0.000000,-0.005880,-0.140700,0.090802,-0.014816,0.021376,-0.008704,OFF
1786962571424092420,2026-08-17T17:29:31.424110,prediction,0.170468,-0.214000,0.080289,0.170468,-0.214000,0.024213,True,0.177122,-0.221083,0.074477,0.006654,0.007083,0.005812,18.62,10,-0.161989,0.308960,0.388255,-0.161989,0.308960,0.388255,0.000000,0.000000,0.000000,0.000000,0.000000,0.000000,-0.005880,-0.140700,0.090802,-0.014816,0.021376,-0.008704,OFF
1786962571459005892,2026-08-17T17:29:31.459020,prediction,0.166586,-0.236000,0.084344,0.172861,-0.238320,0.071449,True,0.176120,-0.220218,0.076383,0.009534,0.015782,0.007961,18.97,10,-0.161989,0.308960,0.388255,-0.161989,0.308960,0.388255,0.000000,0.000000,0.000000,0.000000,0.000000,0.000000,-0.004340,-0.142520,0.090802,-0.014528,0.021376,-0.008192,OFF
1786962571485549750,2026-08-17T17:29:31.485564,prediction,0.167028,-0.259000,0.088461,0.170468,-0.214000,0.024213,True,0.176169,-0.225865,0.078599,0.009142,0.033135,0.009862,14.58,10,-0.161989,0.308960,0.388255,-0.161989,0.308960,0.388255,0.000000,0.000000,0.000000,0.000000,0.000000,0.000000,-0.005880,-0.142520,0.090802,-0.014976,0.021888,-0.009184,OFF
1786962571523472216,2026-08-17T17:29:31.523486,prediction,0.170238,-0.203000,0.089027,0.172570,-0.239493,0.075788,True,0.175391,-0.219865,0.081107,0.005153,0.016865,0.007920,16.24,10,-0.161989,0.308960,0.388255,-0.161989,0.308960,0.388255,0.000000,0.000000,0.000000,0.000000,0.000000,0.000000,-0.005880,-0.142520,0.090802,-0.014976,0.021888,-0.009184,OFF
1786962571559600108,2026-08-17T17:29:31.559631,prediction,0.170927,-0.236000,0.093043,0.172616,-0.245179,0.077774,True,0.175781,-0.219097,0.083593,0.004854,0.016903,0.009450,19.29,10,-0.161989,0.308960,0.388255,-0.161989,0.308960,0.388255,0.000000,0.000000,0.000000,0.000000,0.000000,0.000000,-0.005880,-0.142520,0.090802,-0.014976,0.021888,-0.009184,OFF
1786962571591271836,2026-08-17T17:29:31.591290,prediction,0.170927,-0.236000,0.093043,0.172310,-0.246316,0.079527,True,0.176052,-0.218597,0.085329,0.005125,0.017403,0.007714,16.44,10,-0.161989,0.308960,0.388255,-0.161989,0.308960,0.388255,0.000000,0.000000,0.000000,0.000000,0.000000,0.000000,-0.005880,-0.142520,0.090802,-0.014976,0.021888,-0.009184,OFF
1786962571620964833,2026-08-17T17:29:31.620978,prediction,0.170009,-0.192000,0.097693,0.171943,-0.245957,0.081591,True,0.175057,-0.212597,0.088468,0.005048,0.020597,0.009225,15.25,10,-0.161989,0.308960,0.388255,-0.161989,0.308960,0.388255,0.000000,0.000000,0.000000,0.000000,0.000000,0.000000,-0.005880,-0.142520,0.090802,-0.014976,0.021888,-0.009184,OFF
1786962571653070430,2026-08-17T17:29:31.653140,prediction,0.170697,-0.225000,0.097468,0.171533,-0.244711,0.083414,True,0.175264,-0.210914,0.090145,0.004567,0.014086,0.007323,15.21,10,-0.169678,0.299224,0.437724,-0.161989,0.308960,0.388255,0.000000,0.000000,0.000000,0.000000,0.000000,0.000000,-0.004340,-0.140700,0.090802,-0.015104,0.021376,-0.008192,OFF
1786962571687040111,2026-08-17T17:29:31.687073,prediction,0.169779,-0.181000,0.097768,0.171098,-0.239662,0.085230,True,0.174243,-0.204914,0.091919,0.004464,0.023914,0.005849,14.38,10,-0.161989,0.308960,0.388255,-0.161989,0.308960,0.388255,0.000000,0.000000,0.000000,0.000000,0.000000,0.000000,-0.005460,-0.142520,0.091134,-0.014976,0.021376,-0.008480,OFF
1786962571726382806,2026-08-17T17:29:31.726429,prediction,0.170009,-0.192000,0.101970,0.170696,-0.233853,0.087313,True,0.173864,-0.198914,0.094225,0.003855,0.006914,0.007745,18.57,10,-0.168862,0.300854,0.438255,-0.161989,0.308960,0.388255,0.000000,0.000000,0.000000,0.000000,0.000000,0.000000,-0.005460,-0.142520,0.091134,-0.014976,0.021376,-0.008480,OFF
1786962571760312583,2026-08-17T17:29:31.760326,prediction,0.170468,-0.214000,0.101857,0.170376,-0.228531,0.089061,True,0.174205,-0.198590,0.095485,0.003738,0.015410,0.006371,16.54,10,-0.161989,0.308960,0.388255,-0.161989,0.308960,0.388255,0.000000,0.000000,0.000000,0.000000,0.000000,0.000000,-0.005460,-0.142520,0.091134,-0.014976,0.021376,-0.008480,OFF
1786962571786903229,2026-08-17T17:29:31.786924,prediction,0.169779,-0.181000,0.102027,0.170027,-0.225120,0.090808,True,0.173586,-0.192590,0.096801,0.003807,0.011590,0.005226,14.49,10,-0.167904,0.304494,0.438255,-0.161989,0.308960,0.388255,0.000000,0.000000,0.000000,0.000000,0.000000,0.000000,-0.005460,-0.142520,0.091134,-0.014976,0.021376,-0.008480,OFF
1786962571824501935,2026-08-17T17:29:31.824522,prediction,0.166163,-0.214000,0.106170,0.169677,-0.223264,0.092867,True,0.173164,-0.194401,0.098469,0.007001,0.019599,0.007702,19.75,10,-0.161989,0.308960,0.388255,-0.161989,0.308960,0.388255,0.000000,0.001744,0.000000,0.000000,0.000000,0.000000,-0.005460,-0.140700,0.093043,-0.015104,0.021056,-0.008480,OFF
1786962571858854278,2026-08-17T17:29:31.858873,prediction,0.165740,-0.192000,0.106247,0.169332,-0.220546,0.094617,True,0.172239,-0.189410,0.099952,0.006499,0.002590,0.006296,18.30,10,-0.167049,0.308319,0.438255,-0.161989,0.308960,0.388255,0.000000,0.001744,0.000000,0.000000,0.000000,0.000000,-0.005880,-0.140700,0.093043,-0.015424,0.021600,-0.009472,OFF
1786962571888787187,2026-08-17T17:29:31.888804,prediction,0.165528,-0.181000,0.106286,0.168956,-0.217069,0.096380,True,0.171277,-0.183410,0.101114,0.005749,0.002410,0.005172,16.30,10,-0.166624,0.310070,0.451241,-0.162522,0.309088,0.390403,0.000000,0.000000,0.000000,0.000000,0.000000,0.000000,-0.005880,-0.142520,0.091715,-0.015424,0.021600,-0.009472,OFF
1786962571923037218,2026-08-17T17:29:31.923054,prediction,0.165528,-0.181000,0.110545,0.168627,-0.213441,0.098397,True,0.170638,-0.178441,0.103151,0.005110,0.002559,0.007394,15.61,10,-0.166157,0.312429,0.453114,-0.162522,0.309088,0.390403,0.000000,0.000000,0.000000,0.000000,0.000000,0.000000,-0.005880,-0.142520,0.091715,-0.015424,0.021600,-0.009472,OFF
1786962571950976217,2026-08-17T17:29:31.950995,prediction,0.165740,-0.192000,0.110525,0.168571,-0.209782,0.100142,True,0.170494,-0.178237,0.104435,0.004754,0.013764,0.006089,13.89,10,-0.165725,0.315218,0.455025,-0.163044,0.309568,0.394813,0.000000,0.000000,0.000000,0.000000,0.000000,0.000000,-0.005880,-0.142520,0.091715,-0.015424,0.021600,-0.009472,OFF
1786962571990619278,2026-08-17T17:29:31.990637,prediction,0.165528,-0.181000,0.110545,0.168471,-0.206116,0.101614,True,0.170098,-0.174966,0.105447,0.004569,0.006034,0.005097,16.35,10,-0.165350,0.318050,0.456896,-0.163044,0.309568,0.394813,0.000000,0.000000,0.000000,0.000000,0.000000,0.000000,-0.005880,-0.142520,0.091715,-0.015424,0.021600,-0.009472,OFF
1786962572019432295,2026-08-17T17:29:32.019471,prediction,0.170238,-0.203000,0.110504,0.168471,-0.203037,0.103046,True,0.171336,-0.178916,0.105820,0.001098,0.024084,0.004684,15.05,10,-0.164945,0.320901,0.458685,-0.163464,0.310571,0.401289,0.000000,0.000000,0.000000,0.000000,0.000000,0.000000,-0.005880,-0.142520,0.091715,-0.015424,0.021600,-0.009472,OFF
1786962572063460907,2026-08-17T17:29:32.063476,prediction,0.169320,-0.159000,0.114808,0.168363,-0.199487,0.104497,True,0.171122,-0.172916,0.107885,0.001802,0.013916,0.006923,20.88,10,-0.164674,0.323710,0.460333,-0.163464,0.310571,0.401289,0.000000,0.000000,0.000000,0.000000,0.000000,0.000000,-0.005880,-0.142520,0.091715,-0.015424,0.021600,-0.009472,OFF
1786962572093580338,2026-08-17T17:29:32.093600,prediction,0.169779,-0.181000,0.114804,0.168287,-0.195844,0.105948,True,0.171517,-0.171050,0.109070,0.001738,0.009950,0.005734,19.63,10,-0.164364,0.326667,0.461953,-0.163743,0.312320,0.409857,0.000000,0.000000,0.000000,0.000000,0.000000,0.000000,-0.005880,-0.142520,0.091715,-0.015424,0.021600,-0.009472,OFF
1786962572129011265,2026-08-17T17:29:32.129031,prediction,0.170009,-0.192000,0.114802,0.168287,-0.192182,0.107088,True,0.172073,-0.173013,0.109715,0.002064,0.018987,0.005087,23.55,10,-0.164062,0.329721,0.463535,-0.163743,0.312320,0.409857,0.000000,0.000000,0.000000,0.000000,0.000000,0.000000,-0.005880,-0.142520,0.091715,-0.015424,0.021600,-0.009472,OFF
1786962572157302398,2026-08-17T17:29:32.157320,prediction,0.169779,-0.181000,0.114804,0.168226,-0.189103,0.108244,True,0.172187,-0.171240,0.110285,0.002408,0.009760,0.004518,17.75,10,-0.163863,0.332768,0.464952,-0.163764,0.315782,0.419186,0.000000,0.000000,0.000000,0.000000,0.000000,0.000000,-0.007000,-0.143220,0.093375,-0.015104,0.021600,-0.009472,OFF
1786962572195706723,2026-08-17T17:29:32.195730,prediction,0.170238,-0.203000,0.114799,0.168256,-0.188487,0.109380,True,0.172821,-0.176278,0.110353,0.002583,0.026723,0.004447,19.81,10,-0.163657,0.335584,0.466294,-0.163764,0.315782,0.419186,0.000000,0.000000,0.000000,0.000000,0.000000,0.000000,-0.007000,-0.143220,0.093375,-0.015104,0.021600,-0.009472,OFF
1786962572223655430,2026-08-17T17:29:32.223672,prediction,0.170009,-0.192000,0.114802,0.168256,-0.188364,0.110235,True,0.172964,-0.176620,0.110522,0.002956,0.015380,0.004280,18.51,10,-0.163563,0.338168,0.467523,-0.163726,0.320012,0.428319,0.000000,0.000000,0.000000,0.000000,0.000000,0.000000,-0.007000,-0.143220,0.093375,-0.015104,0.021600,-0.009472,OFF
1786962572257217353,2026-08-17T17:29:32.257235,prediction,0.169779,-0.181000,0.119063,0.168210,-0.188340,0.111382,True,0.172788,-0.173455,0.112031,0.003009,0.007545,0.007032,17.23,10,-0.163503,0.340212,0.468610,-0.163726,0.320012,0.428319,0.000000,0.000000,0.000000,0.000000,0.000000,0.000000,-0.007000,-0.143220,0.093375,-0.015104,0.021600,-0.009472,OFF
1786962572287312358,2026-08-17T17:29:32.287330,prediction,0.169320,-0.159000,0.119031,0.168180,-0.187748,0.112516,True,0.172135,-0.167455,0.113380,0.002815,0.008455,0.005651,15.78,10,-0.163408,0.341828,0.469713,-0.163658,0.324662,0.437142,0.000000,0.000000,0.000000,0.000000,0.000000,0.000000,-0.007000,-0.143220,0.093375,-0.015104,0.021600,-0.009472,OFF
1786962572329554100,2026-08-17T17:29:32.329575,prediction,0.169320,-0.159000,0.119031,0.168390,-0.184696,0.113373,True,0.171684,-0.161455,0.114314,0.002365,0.002455,0.004717,22.82,10,-0.163311,0.343492,0.470818,-0.163658,0.324662,0.437142,0.000000,0.001744,0.000000,0.000000,0.000000,0.000000,0.032480,-0.271740,0.150977,-0.015712,0.007808,-0.014528,OFF
1786962572359552953,2026-08-17T17:29:32.359574,prediction,0.169320,-0.159000,0.119031,0.168629,-0.182326,0.114225,True,0.171403,-0.156554,0.114938,0.002083,0.002446,0.004093,16.28,10,-0.163213,0.345262,0.471874,-0.163548,0.329749,0.445718,0.013087,0.054105,0.039265,0.002609,0.040573,0.016137,0.103180,-0.320180,0.228001,0.024544,-0.053504,-0.038688,OFF
1786962572391730715,2026-08-17T17:29:32.391805,prediction,0.169549,-0.170000,0.119047,0.168897,-0.180092,0.115076,True,0.171494,-0.156549,0.115229,0.001944,0.013451,0.003818,18.22,10,-0.163157,0.347276,0.472874,-0.163548,0.329749,0.445718,0.013087,0.054105,0.039265,0.002609,0.040573,0.016137,0.103180,-0.320180,0.228001,0.024544,-0.053504,-0.038688,OFF
1786962572427393661,2026-08-17T17:29:32.427425,prediction,0.169779,-0.181000,0.119063,0.169180,-0.179058,0.115644,True,0.171833,-0.159888,0.115277,0.002054,0.021112,0.003786,20.41,10,-0.163171,0.349432,0.473815,-0.163438,0.335489,0.453913,0.013087,0.054105,0.039265,0.002609,0.040573,0.016137,0.103180,-0.320180,0.228001,0.024544,-0.053504,-0.038688,OFF
1786962572458174739,2026-08-17T17:29:32.458188,prediction,0.169779,-0.181000,0.119063,0.169450,-0.178852,0.116213,True,0.172068,-0.162256,0.115293,0.002289,0.018744,0.003770,18.04,10,-0.163251,0.351295,0.474623,-0.163438,0.335489,0.453913,0.013087,0.054105,0.039265,0.002609,0.040573,0.016137,0.103180,-0.320180,0.228001,0.024544,-0.053504,-0.038688,OFF
1786962572490259015,2026-08-17T17:29:32.490297,prediction,0.169111,-0.149000,0.119017,0.169689,-0.178810,0.116778,True,0.171464,-0.156256,0.115664,0.002353,0.007256,0.003353,17.51,10,-0.163356,0.352657,0.475347,-0.163408,0.341761,0.461743,0.013087,0.054105,0.039265,0.002609,0.040573,0.016137,0.103180,-0.320180,0.228001,0.024544,-0.053504,-0.038688,OFF
1786962572525632745,2026-08-17T17:29:32.525675,prediction,0.164701,-0.138000,0.119001,0.169319,-0.176509,0.117344,True,0.169777,-0.150256,0.116019,0.005075,0.012256,0.002982,18.53,10,-0.163447,0.353908,0.476028,-0.163408,0.341761,0.461743,0.014831,0.053667,0.041012,0.002609,0.040573,0.016137,0.086100,-0.306180,0.232649,0.031008,-0.054048,-0.037408,OFF
1786962572559199708,2026-08-17T17:29:32.559217,prediction,0.165105,-0.159000,0.119031,0.169038,-0.174342,0.117626,True,0.169132,-0.149250,0.116022,0.004027,0.009750,0.003009,19.82,10,-0.163343,0.355331,0.476708,-0.163378,0.348152,0.468791,0.010029,0.104283,0.094679,0.000000,0.048432,0.010898,0.091420,-0.354900,0.267426,0.007968,-0.045472,-0.032896,OFF
1786962572597691026,2026-08-17T17:29:32.597738,prediction,0.164509,-0.128000,0.118986,0.168687,-0.171615,0.117905,True,0.167959,-0.143250,0.116337,0.003450,0.015250,0.002649,20.61,10,-0.163211,0.356933,0.477250,-0.163378,0.348152,0.468791,0.008285,0.132208,0.126531,0.000000,0.051040,0.007847,0.092260,-0.351120,0.288923,0.005120,-0.050592,-0.034240,OFF
1786962572637268554,2026-08-17T17:29:32.637283,prediction,0.164106,-0.107000,0.118956,0.168306,-0.168243,0.118183,True,0.166929,-0.137250,0.116657,0.002824,0.030250,0.002299,24.47,10,-0.162973,0.358516,0.477735,-0.163276,0.353512,0.473955,0.008285,0.151841,0.152279,0.000000,0.061949,0.007847,0.092260,-0.391720,0.292990,0.004512,-0.042912,-0.034240,OFF
1786962572657199861,2026-08-17T17:29:32.657225,prediction,0.164106,-0.107000,0.118956,0.167928,-0.164155,0.118459,True,0.166035,-0.131250,0.116959,0.001930,0.024250,0.001996,19.41,10,-0.162631,0.360415,0.478197,-0.163276,0.353512,0.473955,0.007853,0.176708,0.178458,0.002609,0.069807,0.007847,0.093520,-0.390880,0.302784,0.005120,-0.046976,-0.036640,OFF
1786962572699498510,2026-08-17T17:29:32.699517,prediction,0.163913,-0.097000,0.123061,0.167507,-0.158804,0.119010,True,0.165265,-0.125250,0.118513,0.001351,0.028250,0.004549,25.13,10,-0.162220,0.362607,0.478642,-0.162590,0.359441,0.477023,0.006540,0.195911,0.197216,0.003051,0.075477,0.008289,0.091420,-0.364140,0.305689,0.004736,-0.043264,-0.035072,OFF
1786962572728314814,2026-08-17T17:29:32.728331,prediction,0.164509,-0.128000,0.123158,0.167140,-0.153201,0.119567,True,0.165453,-0.123472,0.119381,0.000944,0.004528,0.003777,20.73,10,-0.161717,0.365273,0.479186,-0.162590,0.359441,0.477023,0.004796,0.199400,0.202458,0.000000,0.078096,0.005228,0.091700,-0.374780,0.301622,0.003136,-0.047424,-0.035904,OFF
1786962572767698616,2026-08-17T17:29:32.767714,prediction,0.164106,-0.107000,0.123092,0.166762,-0.147547,0.119836,True,0.165142,-0.117472,0.120168,0.001036,0.010472,0.002924,26.18,10,-0.161216,0.368528,0.479777,-0.161668,0.365539,0.478871,0.003489,0.202457,0.206384,0.000000,0.081158,0.002609,0.091420,-0.359800,0.294069,0.001408,-0.046304,-0.036128,OFF
1786962572808685381,2026-08-17T17:29:32.808713,prediction,0.163913,-0.097000,0.127182,0.166401,-0.142469,0.120379,True,0.164751,-0.111472,0.122048,0.000838,0.014472,0.005134,35.11,10,-0.160706,0.371995,0.480319,-0.160878,0.370843,0.480061,0.003489,0.202457,0.206384,0.000000,0.081158,0.002609,0.091420,-0.359800,0.294069,0.001408,-0.046304,-0.036128,OFF
1786962572847741044,2026-08-17T17:29:32.847755,prediction,0.163913,-0.097000,0.131302,0.165668,-0.133976,0.121737,True,0.164296,-0.105472,0.123449,0.000383,0.008472,0.007852,32.87,10,-0.160214,0.375674,0.480897,-0.160878,0.370843,0.480061,0.003489,0.202457,0.206384,0.000000,0.081158,0.002609,0.091420,-0.359800,0.294069,0.001408,-0.046304,-0.036128,OFF
1786962572874003742,2026-08-17T17:29:32.874019,prediction,0.163913,-0.097000,0.131302,0.165668,-0.133976,0.121737,True,0.164200,-0.100484,0.125601,0.000287,0.003484,0.005701,23.15,10,-0.159721,0.379396,0.481506,-0.160045,0.377002,0.481102,0.003489,0.202457,0.206384,0.000000,0.081158,0.002609,0.091420,-0.359800,0.294069,0.001408,-0.046304,-0.036128,OFF
1786962572917050812,2026-08-17T17:29:32.917067,prediction,0.163144,-0.057000,0.135100,0.164785,-0.122340,0.123871,True,0.163236,-0.094484,0.128636,0.000092,0.037484,0.006464,39.21,10,-0.159241,0.383126,0.482217,-0.160045,0.377002,0.481102,0.001744,0.205509,0.208562,0.000000,0.081158,0.002609,0.097300,-0.360780,0.293903,-0.000288,-0.045376,-0.034400,OFF
1786962572951977008,2026-08-17T17:29:32.951994,prediction,0.163144,-0.057000,0.139154,0.164343,-0.114335,0.125211,True,0.162791,-0.088484,0.130714,0.000354,0.031484,0.008440,34.09,10,-0.158691,0.386862,0.483111,-0.159158,0.383460,0.482418,0.006540,0.160133,0.200711,0.000000,0.078096,0.007847,-0.069720,-0.265300,0.308179,-0.049920,-0.045920,0.028160,OFF
1786962572977847245,2026-08-17T17:29:32.977865,prediction,0.168026,-0.097000,0.143663,0.164271,-0.106120,0.126854,True,0.162525,-0.082484,0.133362,0.005500,0.014516,0.010301,25.48,10,-0.158088,0.390920,0.484140,-0.159158,0.383460,0.482418,0.006540,0.145295,0.200711,0.000000,0.083766,0.005670,-0.067760,-0.275800,0.317392,-0.056608,-0.039904,0.028832,OFF
1786962572997062372,2026-08-17T17:29:32.997080,prediction,0.168026,-0.097000,0.143663,0.164271,-0.106120,0.126854,True,0.164212,-0.085092,0.136196,0.003813,0.011908,0.007466,18.76,10,-0.157452,0.395540,0.485345,-0.159158,0.383460,0.482418,0.006540,0.145295,0.200711,0.000000,0.083766,0.005670,-0.067760,-0.275800,0.317392,-0.056608,-0.039904,0.028832,OFF
1786962573024927161,2026-08-17T17:29:33.024945,prediction,0.167399,-0.067000,0.147392,0.164451,-0.100104,0.128747,True,0.164850,-0.079092,0.139583,0.002550,0.012092,0.007809,17.60,10,-0.156968,0.400453,0.486714,-0.158145,0.390629,0.484155,0.006540,0.145295,0.200711,0.000000,0.083766,0.005670,-0.067760,-0.275800,0.317392,-0.056608,-0.039904,0.028832,OFF
1786962573055295652,2026-08-17T17:29:33.055320,prediction,0.167817,-0.087000,0.147653,0.164631,-0.095594,0.130655,True,0.165624,-0.079582,0.141826,0.002193,0.007418,0.005827,15.27,10,-0.156640,0.405370,0.488285,-0.158145,0.390629,0.484155,0.006540,0.145295,0.200711,0.000000,0.083766,0.005670,-0.067760,-0.275800,0.317392,-0.056608,-0.039904,0.028832,OFF
1786962573091574709,2026-08-17T17:29:33.091602,prediction,0.167608,-0.077000,0.151610,0.164838,-0.091439,0.132830,True,0.165957,-0.076667,0.144603,0.001651,0.000333,0.007007,17.67,10,-0.156406,0.410122,0.490005,-0.157330,0.399764,0.486896,0.006540,0.145295,0.200711,0.000000,0.083766,0.005670,-0.067760,-0.275800,0.317392,-0.056608,-0.039904,0.028832,OFF
1786962573127644781,2026-08-17T17:29:33.127662,prediction,0.167191,-0.057000,0.151317,0.165031,-0.087888,0.134986,True,0.165824,-0.070667,0.146595,0.001367,0.013667,0.004721,18.77,10,-0.156272,0.414815,0.491889,-0.157330,0.399764,0.486896,0.004796,0.128712,0.198964,0.000000,0.080716,0.005228,-0.064120,-0.273000,0.314819,-0.063616,-0.044096,0.028672,OFF
1786962573160069479,2026-08-17T17:29:33.160085,prediction,0.162587,-0.028000,0.150891,0.164930,-0.083978,0.137115,True,0.164133,-0.064667,0.147998,0.001547,0.036667,0.002893,16.65,10,-0.156199,0.419304,0.493885,-0.156811,0.408736,0.490105,0.017889,0.001744,0.200711,0.005670,0.081158,0.021807,-0.110880,-0.043960,0.319965,-0.096224,-0.048640,0.033952,OFF
1786962573189565815,2026-08-17T17:29:33.189584,prediction,0.163144,-0.057000,0.159425,0.164878,-0.080529,0.139539,True,0.163469,-0.059815,0.151255,0.000325,0.002815,0.008170,17.05,10,-0.156072,0.423753,0.495954,-0.156811,0.408736,0.490105,0.021378,0.021378,0.200711,0.003051,0.083335,0.021375,-0.103460,0.013020,0.317226,-0.088064,-0.042240,0.033568,OFF
1786962573225904745,2026-08-17T17:29:33.225922,prediction,0.162952,-0.047000,0.159245,0.164775,-0.076639,0.141945,True,0.162852,-0.053815,0.153572,0.000101,0.006815,0.005673,18.30,10,-0.155952,0.428194,0.498137,-0.156414,0.417734,0.493820,0.026174,0.040574,0.200711,0.000000,0.078096,0.029665,-0.108080,0.041160,0.327186,-0.092064,-0.044544,0.032448,OFF
1786962573258902003,2026-08-17T17:29:33.258919,prediction,0.162587,-0.028000,0.158904,0.164673,-0.072661,0.144333,True,0.162131,-0.047815,0.155180,0.000456,0.019815,0.003724,17.48,10,-0.155779,0.432572,0.500417,-0.156414,0.417734,0.493820,0.030976,0.061958,0.198964,0.002609,0.078096,0.032715,-0.109060,0.039060,0.326024,-0.091776,-0.047424,0.032512,OFF
1786962573288190306,2026-08-17T17:29:33.288206,prediction,0.158412,-0.018000,0.158724,0.164307,-0.067652,0.146435,True,0.160361,-0.041815,0.156265,0.001949,0.023815,0.002459,15.79,10,-0.155578,0.437163,0.502751,-0.156035,0.426549,0.497872,0.034465,0.071994,0.198964,0.002609,0.081158,0.037523,-0.099120,0.033740,0.339470,-0.094464,-0.043648,0.034240,OFF
1786962573323047952,2026-08-17T17:29:33.323062,prediction,0.158412,-0.018000,0.158724,0.163953,-0.062437,0.148541,True,0.159167,-0.035815,0.156945,0.000754,0.017815,0.001779,16.20,10,-0.155285,0.441796,0.505032,-0.156035,0.426549,0.497872,0.034034,0.081592,0.200711,0.002609,0.078096,0.037523,-0.123900,0.039060,0.324281,-0.094176,-0.042368,0.034848,OFF
1786962573360010919,2026-08-17T17:29:33.360027,prediction,0.158588,-0.028000,0.162910,0.163598,-0.057181,0.150649,True,0.158530,-0.031275,0.158567,0.000058,0.003275,0.004343,19.49,10,-0.154943,0.446438,0.507265,-0.155540,0.435566,0.502130,0.034465,0.086388,0.198964,0.002609,0.080716,0.037523,-0.114660,0.030660,0.333743,-0.098624,-0.040352,0.035296,OFF
1786962573391123302,2026-08-17T17:29:33.391139,prediction,0.158412,-0.018000,0.162714,0.163295,-0.052450,0.152495,True,0.157959,-0.025275,0.159697,0.000454,0.007275,0.003016,17.92,10,-0.154565,0.451081,0.509463,-0.155540,0.435566,0.502130,0.034465,0.091190,0.200711,0.002609,0.080716,0.037523,-0.120820,0.024360,0.325858,-0.093888,-0.044864,0.036192,OFF
1786962573422753161,2026-08-17T17:29:33.422771,prediction,0.158764,-0.038000,0.163106,0.163003,-0.049957,0.154362,True,0.157910,-0.027486,0.160411,0.000854,0.010514,0.002696,17.04,10,-0.154214,0.455701,0.511533,-0.154952,0.444497,0.506301,0.035778,0.094679,0.200711,0.003051,0.080716,0.034903,-0.107800,0.031920,0.337229,-0.099232,-0.040128,0.037792,OFF
1786962573458740148,2026-08-17T17:29:33.458772,prediction,0.158412,-0.018000,0.166703,0.162688,-0.047378,0.156199,True,0.157552,-0.022619,0.162125,0.000861,0.004619,0.004578,17.68,10,-0.153888,0.460198,0.513513,-0.154952,0.444497,0.506301,0.035778,0.094679,0.200711,0.003051,0.080716,0.034903,-0.107800,0.031920,0.337229,-0.099232,-0.040128,0.037792,OFF
1786962573496396121,2026-08-17T17:29:33.496428,prediction,0.158254,-0.009000,0.166512,0.162036,-0.044782,0.157722,True,0.157175,-0.016619,0.163328,0.001079,0.007619,0.003184,19.68,10,-0.153557,0.464469,0.515431,-0.154328,0.453427,0.510384,0.035778,0.094679,0.200711,0.003051,0.080716,0.034903,-0.107800,0.031920,0.337229,-0.099232,-0.040128,0.037792,OFF
1786962573527476464,2026-08-17T17:29:33.527499,prediction,0.158096,-0.000000,0.166321,0.161416,-0.041170,0.158984,True,0.156795,-0.010619,0.164141,0.001301,0.010619,0.002179,18.54,10,-0.153088,0.468655,0.517240,-0.154328,0.453427,0.510384,0.035778,0.094679,0.200711,0.003051,0.080716,0.034903,-0.107800,0.031920,0.337229,-0.099232,-0.040128,0.037792,OFF
1786962573555589160,2026-08-17T17:29:33.555626,prediction,0.158096,-0.000000,0.166321,0.160768,-0.035807,0.160228,True,0.156560,-0.005155,0.164667,0.001536,0.005155,0.001653,14.66,10,-0.152551,0.473005,0.518877,-0.153518,0.462344,0.514252,0.035778,0.094679,0.200711,0.003051,0.080716,0.034903,-0.107800,0.031920,0.337229,-0.099232,-0.040128,0.037792,OFF
1786962573594099345,2026-08-17T17:29:33.594119,prediction,0.157920,0.010000,0.170051,0.160122,-0.030628,0.161458,True,0.156295,0.000845,0.166204,0.001625,0.009155,0.003847,18.45,10,-0.151946,0.477553,0.520399,-0.153518,0.462344,0.514252,0.036209,0.094679,0.201142,0.002609,0.078096,0.037954,-0.098140,0.029400,0.327186,-0.098688,-0.041632,0.037792,OFF
1786962573621144558,2026-08-17T17:29:33.621175,prediction,0.154144,-0.000000,0.170281,0.159252,-0.025486,0.162722,True,0.155143,0.002540,0.167308,0.000999,0.002540,0.002972,15.46,10,-0.151302,0.482406,0.521840,-0.152510,0.471469,0.517703,0.024867,0.109517,0.198964,0.002609,0.081158,0.024426,-0.076860,0.021980,0.325858,-0.097952,-0.043136,0.034240,OFF
1786962573662714693,2026-08-17T17:29:33.662731,prediction,0.154144,-0.000000,0.174241,0.158689,-0.021417,0.164279,True,0.154350,0.003586,0.169267,0.000206,0.003586,0.004973,22.71,10,-0.150590,0.487510,0.523220,-0.152510,0.471469,0.517703,0.016576,0.109517,0.198964,0.000000,0.080716,0.019198,-0.084560,0.016660,0.335154,-0.098560,-0.039904,0.036800,OFF
1786962573693840482,2026-08-17T17:29:33.693858,prediction,0.154287,-0.009000,0.178437,0.158099,-0.017563,0.165546,True,0.153938,0.001361,0.171863,0.000349,0.010361,0.006574,19.51,10,-0.149938,0.492436,0.524638,-0.151362,0.480828,0.520799,0.016576,0.111261,0.200711,0.000000,0.080716,0.016137,-0.088340,0.002660,0.336150,-0.099072,-0.038080,0.036192,OFF
1786962573728089821,2026-08-17T17:29:33.728175,prediction,0.154144,-0.000000,0.178201,0.157512,-0.014286,0.166810,True,0.153493,0.002713,0.173692,0.000651,0.002713,0.004508,18.38,10,-0.149302,0.497005,0.526012,-0.151362,0.480828,0.520799,0.014831,0.107772,0.200711,0.000000,0.078096,0.013086,-0.093800,0.013300,0.332249,-0.098016,-0.044640,0.034912,OFF
1786962573757219525,2026-08-17T17:29:33.757240,prediction,0.153841,0.019000,0.177702,0.156929,-0.011124,0.168063,True,0.152899,0.008713,0.174915,0.000942,0.010287,0.002788,19.23,10,-0.148679,0.501254,0.527354,-0.150142,0.490116,0.523779,0.013087,0.104283,0.198964,0.003051,0.080716,0.013517,-0.091980,-0.003360,0.336814,-0.099072,-0.040416,0.037632,OFF
1786962573791930415,2026-08-17T17:29:33.791947,prediction,0.153841,0.019000,0.181631,0.156624,-0.007985,0.169590,True,0.152491,0.014072,0.176916,0.001350,0.004928,0.004714,18.52,10,-0.148063,0.505118,0.528669,-0.150142,0.490116,0.523779,0.013087,0.104283,0.198964,0.003051,0.080716,0.013517,-0.091980,-0.003360,0.336814,-0.099072,-0.040416,0.037632,OFF
1786962573823594468,2026-08-17T17:29:33.823620,prediction,0.153698,0.028000,0.181380,0.156309,-0.005384,0.171101,True,0.152107,0.020072,0.178273,0.001591,0.007928,0.003106,16.29,10,-0.147538,0.508906,0.530046,-0.148915,0.498969,0.526732,0.013087,0.104283,0.198964,0.003051,0.080716,0.013517,-0.091980,-0.003360,0.336814,-0.099072,-0.040416,0.037632,OFF
1786962573861318229,2026-08-17T17:29:33.861334,prediction,0.153554,0.037000,0.181129,0.155974,-0.002410,0.172315,True,0.151755,0.026072,0.179134,0.001799,0.010928,0.001995,18.60,10,-0.147068,0.512644,0.531468,-0.148915,0.498969,0.526732,0.013087,0.104283,0.198964,0.003051,0.080716,0.013517,-0.091980,-0.003360,0.336814,-0.099072,-0.040416,0.037632,OFF
1786962573894917643,2026-08-17T17:29:33.894939,prediction,0.153841,0.019000,0.185559,0.155669,0.000638,0.173838,True,0.151792,0.025778,0.180899,0.002049,0.006778,0.004660,17.46,10,-0.146616,0.516372,0.532839,-0.147794,0.507456,0.529710,0.013087,0.104283,0.198964,0.003051,0.080716,0.013517,-0.091980,-0.003360,0.336814,-0.099072,-0.040416,0.037632,OFF
1786962573925077871,2026-08-17T17:29:33.925100,prediction,0.153554,0.037000,0.185028,0.155322,0.004714,0.175300,True,0.151602,0.031269,0.182085,0.001953,0.005731,0.002943,17.75,10,-0.146205,0.520161,0.534252,-0.147794,0.507456,0.529710,0.011780,0.102970,0.200711,0.000000,0.080716,0.013086,-0.090440,-0.022820,0.329427,-0.098912,-0.041472,0.037184,OFF
1786962573960218691,2026-08-17T17:29:33.960237,prediction,0.149663,0.037000,0.188927,0.154739,0.008463,0.176781,True,0.150343,0.035023,0.184097,0.000680,0.001977,0.004830,20.15,10,-0.145784,0.523775,0.535697,-0.146778,0.515706,0.532737,0.016576,0.101225,0.198964,0.000000,0.081158,0.016137,-0.082040,-0.021000,0.330506,-0.102912,-0.042688,0.034080,OFF
1786962573989662608,2026-08-17T17:29:33.989679,prediction,0.145658,0.046000,0.188646,0.153899,0.012146,0.178257,True,0.148219,0.040475,0.185499,0.002561,0.005525,0.003147,15.58,10,-0.145304,0.527514,0.537162,-0.146778,0.515706,0.532737,0.019634,0.102970,0.200711,0.000000,0.080716,0.018756,-0.070000,-0.013020,0.330838,-0.100352,-0.042816,0.035008,OFF
1786962574025224763,2026-08-17T17:29:34.025269,prediction,0.145544,0.055000,0.188365,0.153062,0.015816,0.179726,True,0.146637,0.046475,0.186408,0.001093,0.008525,0.001957,17.19,10,-0.144707,0.531336,0.538640,-0.145716,0.523717,0.535763,0.017889,0.104714,0.200711,0.000000,0.080716,0.021375,-0.100940,-0.026320,0.336648,-0.102016,-0.043200,0.037856,OFF
1786962574061749733,2026-08-17T17:29:34.061776,prediction,0.145658,0.046000,0.188646,0.152233,0.019003,0.181215,True,0.145675,0.048170,0.187016,0.000017,0.002170,0.001630,21.99,10,-0.144030,0.535145,0.540125,-0.145716,0.523717,0.535763,0.022685,0.109517,0.198964,0.000000,0.080716,0.021375,-0.111860,-0.009240,0.345446,-0.102624,-0.041856,0.037120,OFF
1786962574106926350,2026-08-17T17:29:34.106954,prediction,0.141683,0.055000,0.192234,0.151150,0.022574,0.182694,True,0.143768,0.052169,0.188584,0.002085,0.002831,0.003651,27.83,10,-0.143304,0.538952,0.541615,-0.144465,0.531621,0.538799,0.026174,0.112568,0.200711,0.002609,0.081158,0.023995,-0.103460,-0.010220,0.335818,-0.100576,-0.042688,0.037472,OFF
1786962574136601402,2026-08-17T17:29:34.136615,prediction,0.141584,0.064000,0.191939,0.150313,0.026221,0.184138,True,0.142345,0.057810,0.189640,0.000761,0.006190,0.002299,22.57,10,-0.142469,0.542557,0.543107,-0.143240,0.538330,0.541441,0.026174,0.116063,0.201142,0.000000,0.080716,0.027045,-0.107800,-0.008960,0.344782,-0.102688,-0.042912,0.038016,OFF
1786962574160041286,2026-08-17T17:29:34.160061,prediction,0.141584,0.064000,0.191939,0.149476,0.030364,0.185317,True,0.141385,0.061605,0.190334,0.000198,0.002395,0.001605,18.96,10,-0.141616,0.546016,0.544595,-0.143240,0.538330,0.541441,0.027925,0.117370,0.200711,0.002609,0.078096,0.026614,-0.114940,-0.010220,0.336648,-0.103296,-0.047264,0.037568,OFF
1786962574196153609,2026-08-17T17:29:34.196181,prediction,0.141287,0.091000,0.191052,0.148609,0.034606,0.186159,True,0.140447,0.067605,0.190634,0.000840,0.023395,0.000418,18.78,10,-0.140751,0.549655,0.546000,-0.143240,0.538330,0.541441,0.027925,0.119114,0.202458,0.002609,0.080716,0.029665,-0.103180,-0.012040,0.327933,-0.102528,-0.046752,0.039360,OFF
1786962574228264365,2026-08-17T17:29:34.228288,prediction,0.141287,0.091000,0.194862,0.147752,0.040308,0.187269,True,0.139867,0.073605,0.191985,0.001420,0.017395,0.002877,21.00,10,-0.139852,0.553533,0.547251,-0.141491,0.546179,0.544441,0.027925,0.119114,0.202458,0.002609,0.080716,0.029665,-0.103180,-0.012040,0.327933,-0.102528,-0.046752,0.039360,OFF
1786962574262415018,2026-08-17T17:29:34.262434,prediction,0.141199,0.099000,0.194586,0.146909,0.046302,0.188395,True,0.139448,0.079605,0.192875,0.001752,0.019395,0.001711,18.44,10,-0.138944,0.557769,0.548471,-0.141491,0.546179,0.544441,0.027925,0.119114,0.202458,0.002609,0.080716,0.029665,-0.103180,-0.012040,0.327933,-0.102528,-0.046752,0.039360,OFF
1786962574292705290,2026-08-17T17:29:34.292750,prediction,0.141199,0.099000,0.194586,0.146066,0.051767,0.189259,True,0.139222,0.085605,0.193472,0.001978,0.013395,0.001114,17.32,10,-0.138047,0.562398,0.549668,-0.139755,0.554355,0.547076,0.027925,0.119114,0.202458,0.002609,0.080716,0.029665,-0.103180,-0.012040,0.327933,-0.102528,-0.046752,0.039360,OFF
1786962574325948282,2026-08-17T17:29:34.325968,prediction,0.141199,0.099000,0.194586,0.145233,0.057127,0.190139,True,0.139122,0.091331,0.193854,0.002078,0.007669,0.000732,17.33,10,-0.137162,0.567104,0.550772,-0.139755,0.554355,0.547076,0.029231,0.120859,0.200711,0.000000,0.080716,0.029665,-0.098840,-0.022820,0.341130,-0.103680,-0.042304,0.038752,OFF
1786962574356463218,2026-08-17T17:29:34.356491,prediction,0.141101,0.108000,0.194275,0.144403,0.061985,0.191015,True,0.139002,0.097331,0.194029,0.002099,0.010670,0.000247,16.28,10,-0.136296,0.571861,0.551810,-0.138049,0.562990,0.549411,0.027487,0.117808,0.198525,0.002609,0.081158,0.029665,-0.111860,-0.037380,0.345114,-0.106592,-0.043136,0.034080,OFF
1786962574391709978,2026-08-17T17:29:34.391724,prediction,0.140914,0.125000,0.193689,0.143541,0.067224,0.191557,True,0.138800,0.103331,0.193994,0.002114,0.021669,0.000305,17.56,10,-0.135446,0.576612,0.552803,-0.138049,0.562990,0.549411,0.027925,0.116063,0.200711,0.000000,0.080716,0.026614,-0.090440,-0.047740,0.342707,-0.106976,-0.043360,0.034688,OFF
1786962574425376739,2026-08-17T17:29:34.425396,prediction,0.141013,0.116000,0.194000,0.142705,0.072485,0.192155,True,0.138789,0.108716,0.194004,0.002224,0.007284,0.000005,17.84,10,-0.134580,0.581379,0.553676,-0.136390,0.571785,0.551451,0.026174,0.116063,0.198964,0.002609,0.080716,0.027045,-0.105000,-0.059500,0.342707,-0.108096,-0.040192,0.036640,OFF
1786962574453770765,2026-08-17T17:29:34.453785,prediction,0.140826,0.133000,0.193413,0.142116,0.078230,0.192455,True,0.138662,0.114716,0.193867,0.002164,0.018284,0.000454,14.30,10,-0.133726,0.586453,0.554471,-0.136390,0.571785,0.551451,0.026174,0.112568,0.198964,0.000000,0.078096,0.027045,-0.113120,-0.060760,0.355240,-0.107872,-0.041472,0.036288,OFF
1786962574493533802,2026-08-17T17:29:34.493547,prediction,0.137168,0.125000,0.193689,0.141550,0.084073,0.192791,True,0.137538,0.119226,0.193836,0.000370,0.005774,0.000147,19.00,10,-0.132947,0.591598,0.555122,-0.134759,0.581170,0.553190,0.026174,0.107772,0.200711,0.002609,0.078096,0.027045,-0.099120,-0.070980,0.345280,-0.109472,-0.045696,0.035840,OFF
1786962574525939014,2026-08-17T17:29:34.525955,prediction,0.137168,0.125000,0.193689,0.140991,0.089455,0.193146,True,0.136783,0.122155,0.193801,0.000385,0.002845,0.000112,17.43,10,-0.132235,0.596877,0.555678,-0.134759,0.581170,0.553190,0.024429,0.108210,0.198525,0.003051,0.083766,0.027045,-0.115920,-0.066220,0.357315,-0.109536,-0.039296,0.036800,OFF
1786962574560122799,2026-08-17T17:29:34.560142,prediction,0.136785,0.166000,0.192275,0.140400,0.094744,0.193388,True,0.135933,0.128155,0.193447,0.000852,0.037845,0.001172,17.42,10,-0.131578,0.602133,0.556171,-0.133330,0.590586,0.554529,0.026174,0.104714,0.202889,0.002609,0.078096,0.027045,-0.121520,-0.064400,0.340300,-0.111040,-0.040032,0.036800,OFF
1786962574592850639,2026-08-17T17:29:34.592871,prediction,0.137252,0.116000,0.194000,0.140104,0.099536,0.193505,True,0.135829,0.125033,0.193579,0.001422,0.009033,0.000420,18.05,10,-0.130929,0.607221,0.556600,-0.133330,0.590586,0.554529,0.026174,0.104714,0.202889,0.002609,0.078096,0.027045,-0.121520,-0.064400,0.340300,-0.111040,-0.040032,0.036800,OFF
1786962574635121395,2026-08-17T17:29:34.635136,prediction,0.137018,0.141000,0.193137,0.139800,0.105080,0.193585,True,0.135541,0.130990,0.193501,0.001477,0.010010,0.000364,22.70,10,-0.130399,0.612337,0.556933,-0.132015,0.600351,0.555608,0.026174,0.104714,0.202889,0.002609,0.078096,0.027045,-0.121520,-0.064400,0.340300,-0.111040,-0.040032,0.036800,OFF
1786962574663118744,2026-08-17T17:29:34.663132,prediction,0.137168,0.125000,0.193689,0.139506,0.109443,0.193702,True,0.135502,0.129712,0.193571,0.001666,0.004712,0.000118,22.66,10,-0.129946,0.617413,0.557190,-0.132015,0.600351,0.555608,0.026174,0.104714,0.202889,0.002609,0.078096,0.027045,-0.121520,-0.064400,0.340300,-0.111040,-0.040032,0.036800,OFF
1786962574696741000,2026-08-17T17:29:34.696761,prediction,0.137252,0.116000,0.190231,0.139237,0.113569,0.193647,True,0.135564,0.125744,0.192491,0.001688,0.009744,0.002260,21.41,10,-0.129554,0.622263,0.557406,-0.130906,0.610222,0.556418,0.026174,0.104714,0.202889,0.002609,0.078096,0.027045,-0.121520,-0.064400,0.340300,-0.111040,-0.040032,0.036800,OFF
1786962574727710324,2026-08-17T17:29:34.727725,prediction,0.136934,0.150000,0.189115,0.138946,0.116207,0.193264,True,0.135299,0.131744,0.191452,0.001636,0.018256,0.002338,18.67,10,-0.129228,0.626866,0.557530,-0.130906,0.610222,0.556418,0.027925,0.101225,0.200711,0.003051,0.078096,0.029665,-0.112420,-0.042420,0.341628,-0.111040,-0.041024,0.033952,OFF
1786962574762219372,2026-08-17T17:29:34.762238,prediction,0.137326,0.108000,0.190494,0.138688,0.118068,0.192991,True,0.135518,0.125744,0.191010,0.001808,0.017744,0.000516,19.11,10,-0.128924,0.631098,0.557494,-0.130001,0.619754,0.556909,0.037523,0.107772,0.198964,0.005670,0.081158,0.037523,-0.081480,-0.062300,0.343205,-0.111808,-0.042976,0.038080,OFF
1786962574791765743,2026-08-17T17:29:34.791784,prediction,0.136710,0.174000,0.184654,0.138389,0.121160,0.192329,True,0.135101,0.131744,0.189029,0.001610,0.042256,0.004375,19.07,10,-0.128662,0.634726,0.557370,-0.130001,0.619754,0.556909,0.035778,0.112568,0.198964,0.002609,0.078096,0.040573,-0.111860,-0.057540,0.347023,-0.113376,-0.041472,0.037120,OFF
1786962574827538024,2026-08-17T17:29:34.827557,prediction,0.136487,0.198000,0.183905,0.138075,0.125779,0.191617,True,0.134690,0.137744,0.187390,0.001797,0.060256,0.003484,19.14,10,-0.128387,0.638232,0.557074,-0.129209,0.628821,0.556990,0.037523,0.119114,0.198964,0.002609,0.078096,0.037954,-0.099820,-0.058240,0.343039,-0.113088,-0.045984,0.037856,OFF
1786962574863714888,2026-08-17T17:29:34.863731,prediction,0.136710,0.174000,0.184654,0.137782,0.130702,0.190976,True,0.134701,0.143744,0.186436,0.002009,0.030256,0.001782,20.10,10,-0.128091,0.641394,0.556643,-0.129209,0.628821,0.556990,0.035778,0.125661,0.200711,0.002609,0.078096,0.040573,-0.105980,-0.052920,0.352169,-0.113216,-0.041920,0.033184,OFF
1786962574894244853,2026-08-17T17:29:34.894262,prediction,0.136710,0.174000,0.184654,0.137502,0.135207,0.190373,True,0.134779,0.149744,0.185806,0.001932,0.024256,0.001152,19.57,10,-0.127805,0.644502,0.556137,-0.128544,0.636303,0.556783,0.035778,0.130457,0.200711,0.002609,0.080716,0.034903,-0.090160,-0.065660,0.351422,-0.113376,-0.039424,0.035584,OFF
1786962574925475709,2026-08-17T17:29:34.925493,prediction,0.136412,0.206000,0.183656,0.137195,0.139201,0.189684,True,0.134662,0.155744,0.185134,0.001750,0.050256,0.001478,18.44,10,-0.127537,0.647599,0.555591,-0.128544,0.636303,0.556783,0.032720,0.137004,0.201142,0.000000,0.080716,0.034903,-0.098840,-0.063840,0.349264,-0.116992,-0.045152,0.033952,OFF
1786962574959955503,2026-08-17T17:29:34.959970,prediction,0.137168,0.125000,0.186182,0.136951,0.142614,0.189202,True,0.135290,0.149744,0.185344,0.001878,0.024744,0.000838,19.14,10,-0.127261,0.650693,0.554999,-0.127835,0.644254,0.555798,0.032720,0.141806,0.200711,0.002609,0.081158,0.034903,-0.099820,-0.075600,0.344035,-0.114048,-0.041184,0.034464,OFF
1786962574992465271,2026-08-17T17:29:34.992485,prediction,0.136487,0.198000,0.180272,0.136906,0.147189,0.188307,True,0.135110,0.155744,0.183814,0.001376,0.042256,0.003541,17.21,10,-0.127037,0.653500,0.554431,-0.127835,0.644254,0.555798,0.029231,0.148352,0.198525,0.000000,0.080716,0.032284,-0.093520,-0.061600,0.356319,-0.115648,-0.038848,0.035360,OFF
1786962575024789961,2026-08-17T17:29:35.024809,prediction,0.136412,0.206000,0.180036,0.136855,0.151998,0.187397,True,0.134962,0.161744,0.182647,0.001450,0.044256,0.002611,18.36,10,-0.126875,0.656250,0.553763,-0.127257,0.651479,0.554572,0.029231,0.153586,0.198964,0.002609,0.080716,0.029665,-0.090440,-0.056980,0.357813,-0.115328,-0.042528,0.036128,OFF
1786962575057805493,2026-08-17T17:29:35.057829,prediction,0.136412,0.206000,0.180036,0.136831,0.157280,0.186581,True,0.134907,0.167744,0.181827,0.001505,0.038256,0.001791,16.65,10,-0.126753,0.658748,0.553019,-0.127257,0.651479,0.554572,0.025742,0.158819,0.200711,0.003051,0.080716,0.027045,-0.076160,-0.056980,0.358477,-0.114496,-0.040640,0.036512,OFF
1786962575092526842,2026-08-17T17:29:35.092553,prediction,0.136337,0.214000,0.179800,0.136770,0.162656,0.185634,True,0.134856,0.173744,0.181211,0.001482,0.040256,0.001411,17.56,10,-0.126685,0.661359,0.552245,-0.126880,0.657983,0.553040,0.024867,0.163621,0.201142,0.000000,0.080716,0.027045,-0.074620,-0.072800,0.343371,-0.114208,-0.039424,0.034080,OFF
1786962575124972359,2026-08-17T17:29:35.124997,prediction,0.136272,0.221000,0.179593,0.136720,0.167624,0.184731,True,0.134841,0.179744,0.180724,0.001431,0.041256,0.001131,16.74,10,-0.126620,0.664159,0.551420,-0.126880,0.657983,0.553040,0.021378,0.166673,0.198525,0.002609,0.078096,0.021375,-0.087640,-0.083580,0.352667,-0.115328,-0.043136,0.033504,OFF
1786962575157792263,2026-08-17T17:29:35.157831,prediction,0.132622,0.229000,0.179357,0.136417,0.173738,0.183776,True,0.133695,0.185744,0.180350,0.001073,0.043256,0.000993,16.23,10,-0.126573,0.667150,0.550568,-0.126669,0.664288,0.551340,0.017889,0.167986,0.200711,0.000000,0.078096,0.018756,-0.085540,-0.078120,0.346608,-0.113536,-0.043808,0.034016,OFF
1786962575189975686,2026-08-17T17:29:35.189995,prediction,0.132561,0.237000,0.179121,0.136104,0.180508,0.183035,True,0.132893,0.191744,0.180040,0.000332,0.045256,0.000920,14.95,10,-0.126453,0.670417,0.549687,-0.126669,0.664288,0.551340,0.016576,0.170168,0.200711,0.002609,0.080716,0.016137,-0.087360,-0.074620,0.355406,-0.113376,-0.038144,0.033120,OFF
1786962575223181196,2026-08-17T17:29:35.223196,prediction,0.132507,0.244000,0.178914,0.135809,0.187835,0.182355,True,0.132347,0.197744,0.179778,0.000160,0.046256,0.000864,15.56,10,-0.126275,0.674059,0.548857,-0.126406,0.670808,0.549683,0.016576,0.171475,0.200711,0.000000,0.078096,0.013517,-0.079240,-0.075880,0.358477,-0.113376,-0.040416,0.032288,OFF
1786962575264728908,2026-08-17T17:29:35.264742,prediction,0.132507,0.244000,0.178914,0.135488,0.196127,0.181583,True,0.132018,0.203744,0.179610,0.000489,0.040256,0.000697,23.90,10,-0.126078,0.678095,0.548079,-0.126406,0.670808,0.549683,0.009598,0.169730,0.200711,0.000000,0.080716,0.008289,-0.083300,-0.086100,0.352003,-0.114432,-0.043200,0.033792,OFF
1786962575297819723,2026-08-17T17:29:35.297842,prediction,0.132507,0.244000,0.178914,0.135207,0.202799,0.181201,True,0.131842,0.209744,0.179509,0.000665,0.034256,0.000595,19.81,10,-0.125845,0.682743,0.547319,-0.126155,0.676381,0.548456,0.010029,0.168424,0.198964,0.000000,0.080716,0.008289,-0.085120,-0.105980,0.361963,-0.115424,-0.040416,0.033280,OFF
1786962575326832506,2026-08-17T17:29:35.326853,prediction,0.132446,0.252000,0.178678,0.134938,0.207866,0.180852,True,0.131698,0.215744,0.179369,0.000748,0.036256,0.000692,19.02,10,-0.125628,0.687512,0.546684,-0.126155,0.676381,0.548456,0.008285,0.163621,0.198964,0.000000,0.080716,0.008289,-0.091140,-0.084280,0.357813,-0.116320,-0.037920,0.031904,OFF
1786962575359478662,2026-08-17T17:29:35.359498,prediction,0.132622,0.229000,0.179357,0.134665,0.212613,0.180499,True,0.131806,0.219826,0.179470,0.000816,0.009174,0.000113,18.09,10,-0.125428,0.692626,0.546149,-0.125804,0.684227,0.547248,0.008285,0.161877,0.200711,0.000000,0.078096,0.010898,-0.094500,-0.100100,0.351837,-0.116224,-0.044928,0.029952,OFF
1786962575394554019,2026-08-17T17:29:35.394573,prediction,0.128957,0.244000,0.178914,0.134149,0.217296,0.180116,True,0.130651,0.225826,0.179436,0.001694,0.018174,0.000522,18.25,10,-0.125235,0.697809,0.545685,-0.125804,0.684227,0.547248,0.008285,0.161439,0.200711,0.002609,0.080716,0.008289,-0.084280,-0.110880,0.363125,-0.117280,-0.040032,0.030336,OFF
1786962575423067711,2026-08-17T17:29:35.423090,prediction,0.125372,0.252000,0.175134,0.133413,0.221966,0.179548,True,0.128670,0.231826,0.178189,0.003298,0.020174,0.003055,16.03,10,-0.124960,0.702903,0.545260,-0.125394,0.693293,0.546283,0.006540,0.158388,0.200711,0.000000,0.078096,0.007847,-0.076440,-0.126420,0.355240,-0.117440,-0.041920,0.032576,OFF
1786962575459520675,2026-08-17T17:29:35.459538,prediction,0.125372,0.252000,0.175134,0.132626,0.227060,0.178812,True,0.127316,0.237826,0.177266,0.001944,0.014174,0.002132,16.62,10,-0.124560,0.707980,0.544797,-0.125394,0.693293,0.546283,0.004796,0.153586,0.198964,0.000000,0.078096,0.005228,-0.074060,-0.126980,0.353912,-0.116096,-0.046976,0.032448,OFF
1786962575494963686,2026-08-17T17:29:35.494981,prediction,0.121794,0.267000,0.174716,0.131647,0.230959,0.178441,True,0.125168,0.243826,0.176499,0.003374,0.023174,0.001783,18.05,10,-0.124029,0.713373,0.544259,-0.124753,0.702722,0.545332,0.004796,0.153586,0.198964,0.000000,0.078096,0.005228,-0.074060,-0.126980,0.353912,-0.116096,-0.046976,0.032448,OFF
1786962575525866373,2026-08-17T17:29:35.525882,prediction,0.121775,0.274000,0.174520,0.130671,0.235418,0.178073,True,0.123676,0.249826,0.175902,0.001901,0.024174,0.001381,15.68,10,-0.123366,0.718829,0.543771,-0.124753,0.702722,0.545332,0.004796,0.153586,0.198964,0.000000,0.078096,0.005228,-0.074060,-0.126980,0.353912,-0.116096,-0.046976,0.032448,OFF
1786962575564070580,2026-08-17T17:29:35.564091,prediction,0.118267,0.281000,0.174325,0.129461,0.239937,0.177693,True,0.121526,0.255826,0.175442,0.003259,0.025174,0.001117,22.46,10,-0.122614,0.724618,0.543321,-0.123792,0.712556,0.544429,0.004796,0.153586,0.198964,0.000000,0.078096,0.005228,-0.074060,-0.126980,0.353912,-0.116096,-0.046976,0.032448,OFF
1786962575597575025,2026-08-17T17:29:35.597596,prediction,0.118274,0.274000,0.174520,0.128257,0.244467,0.177341,True,0.120137,0.261826,0.175196,0.001863,0.012174,0.000676,18.88,10,-0.121722,0.730473,0.542896,-0.123792,0.712556,0.544429,0.004796,0.151841,0.198525,0.000000,0.078096,0.008289,-0.073360,-0.120820,0.358892,-0.116160,-0.047264,0.031616,OFF
1786962575629319901,2026-08-17T17:29:35.629333,prediction,0.121816,0.259000,0.178471,0.127293,0.248573,0.177266,True,0.120465,0.261235,0.176325,0.001351,0.002235,0.002146,20.54,10,-0.120740,0.736342,0.542495,-0.122759,0.721494,0.543664,0.000000,0.142243,0.198964,0.000000,0.081158,0.002609,-0.065940,-0.158900,0.369682,-0.112384,-0.043200,0.029728,OFF
1786962575662715850,2026-08-17T17:29:35.662736,prediction,0.121816,0.259000,0.178471,0.126573,0.251421,0.177207,True,0.120728,0.260672,0.177185,0.001088,0.001672,0.001286,19.34,10,-0.119782,0.742182,0.542202,-0.122759,0.721494,0.543664,0.000000,0.138748,0.200711,0.000000,0.080716,0.000000,-0.052080,-0.149100,0.363125,-0.111200,-0.041088,0.025824,OFF
1786962575692328595,2026-08-17T17:29:35.692342,prediction,0.121734,0.289000,0.177585,0.125851,0.253591,0.177104,True,0.120768,0.266672,0.177543,0.000966,0.022328,0.000042,16.95,10,-0.118917,0.747696,0.541991,-0.121326,0.731271,0.543040,0.000000,0.135259,0.200711,0.000000,0.078096,0.000000,-0.027580,-0.122640,0.357813,-0.110208,-0.045312,0.017152,OFF
1786962575723342032,2026-08-17T17:29:35.723364,prediction,0.121734,0.289000,0.177585,0.125133,0.256798,0.177016,True,0.120840,0.272672,0.177782,0.000893,0.016328,0.000197,16.00,10,-0.118109,0.752825,0.541824,-0.121326,0.731271,0.543040,0.000000,0.135259,0.200711,0.000000,0.080716,0.002609,0.009240,-0.119000,0.352667,-0.108416,-0.041536,0.004800,OFF
1786962575759679769,2026-08-17T17:29:35.759701,prediction,0.121756,0.281000,0.177821,0.124416,0.259840,0.176943,True,0.120984,0.275989,0.177990,0.000772,0.005011,0.000169,18.01,10,-0.117342,0.757847,0.541691,-0.119837,0.741205,0.542536,0.000000,0.140492,0.200711,0.000000,0.081158,0.000000,0.064120,-0.126700,0.352667,-0.104480,-0.041024,-0.014432,OFF
1786962575790037970,2026-08-17T17:29:35.790070,prediction,0.121835,0.252000,0.182221,0.123705,0.262421,0.177163,True,0.121285,0.269989,0.179530,0.000550,0.017989,0.002691,15.31,10,-0.116606,0.762848,0.541583,-0.119837,0.741205,0.542536,0.001744,0.143550,0.198964,0.000000,0.078096,0.002609,0.081480,-0.137200,0.368852,-0.102016,-0.041184,-0.018592,OFF
1786962575833285478,2026-08-17T17:29:35.833307,prediction,0.121715,0.296000,0.180849,0.122989,0.264911,0.177308,True,0.121231,0.275989,0.180223,0.000483,0.020011,0.000626,21.41,10,-0.115903,0.767524,0.541584,-0.118365,0.751053,0.542180,0.003051,0.148352,0.198525,0.000000,0.080716,0.000000,0.095060,-0.143220,0.364204,-0.098080,-0.042528,-0.023264,OFF
1786962575858205203,2026-08-17T17:29:35.858236,prediction,0.121696,0.303000,0.180631,0.122261,0.268182,0.177393,True,0.121167,0.281989,0.180611,0.000529,0.021011,0.000019,17.10,10,-0.115205,0.771993,0.541641,-0.118365,0.751053,0.542180,0.001744,0.153586,0.198964,0.000000,0.078096,0.002609,0.105700,-0.129500,0.361299,-0.094016,-0.039808,-0.024672,OFF
1786962575898094438,2026-08-17T17:29:35.898113,prediction,0.121676,0.310000,0.180412,0.121775,0.271983,0.177493,True,0.121092,0.287989,0.180776,0.000584,0.022011,0.000363,17.67,10,-0.114495,0.776099,0.541717,-0.116836,0.760949,0.541997,0.001744,0.164928,0.198964,0.000000,0.080716,0.002609,0.104160,-0.123060,0.372255,-0.088672,-0.039520,-0.024896,OFF
1786962575922942547,2026-08-17T17:29:35.922962,prediction,0.121676,0.310000,0.180412,0.121529,0.276263,0.177845,True,0.121073,0.293989,0.180851,0.000604,0.016011,0.000439,15.51,10,-0.113858,0.780236,0.541807,-0.116836,0.760949,0.541997,0.000000,0.169730,0.200711,0.000000,0.080716,0.000000,0.098840,-0.126700,0.353663,-0.085056,-0.044256,-0.022496,OFF
1786962575962483455,2026-08-17T17:29:35.962500,prediction,0.118228,0.317000,0.176758,0.121053,0.280213,0.177953,True,0.119949,0.299989,0.179686,0.001721,0.017011,0.002928,17.37,10,-0.113352,0.784379,0.541984,-0.115369,0.770814,0.541992,0.000000,0.176708,0.202458,0.000000,0.080716,0.000000,0.084840,-0.129220,0.351671,-0.082816,-0.039360,-0.019328,OFF
1786962575994442866,2026-08-17T17:29:35.994460,prediction,0.118212,0.331000,0.176344,0.120814,0.284469,0.178062,True,0.119127,0.305989,0.178676,0.000915,0.025011,0.002332,16.52,10,-0.112861,0.788522,0.542145,-0.115369,0.770814,0.541992,0.000000,0.176708,0.202458,0.000000,0.080716,0.000000,0.084840,-0.129220,0.351671,-0.082816,-0.039360,-0.019328,OFF
1786962576027449992,2026-08-17T17:29:36.027471,prediction,0.118212,0.331000,0.176344,0.120576,0.288734,0.178183,True,0.118620,0.311989,0.177938,0.000407,0.019011,0.001594,20.38,10,-0.112458,0.792667,0.542291,-0.114063,0.780620,0.542126,0.000000,0.176708,0.202458,0.000000,0.080716,0.000000,0.084840,-0.129220,0.351671,-0.082816,-0.039360,-0.019328,OFF
1786962576065000657,2026-08-17T17:29:36.065032,prediction,0.114806,0.331000,0.176344,0.120346,0.292627,0.178318,True,0.117219,0.317989,0.177420,0.002413,0.013011,0.001076,23.45,10,-0.112121,0.796811,0.542426,-0.114063,0.780620,0.542126,0.000000,0.176708,0.202458,0.000000,0.080716,0.000000,0.084840,-0.129220,0.351671,-0.082816,-0.039360,-0.019328,OFF
1786962576102065325,2026-08-17T17:29:36.102087,prediction,0.114810,0.338000,0.176137,0.120115,0.296445,0.178426,True,0.116245,0.323989,0.177001,0.001435,0.014011,0.000864,23.65,10,-0.111834,0.800955,0.542558,-0.113044,0.789116,0.542284,0.000000,0.176708,0.202458,0.000000,0.080716,0.000000,0.084840,-0.129220,0.351671,-0.082816,-0.039360,-0.019328,OFF
1786962576131871104,2026-08-17T17:29:36.131897,prediction,0.114818,0.352000,0.175724,0.119648,0.300622,0.178243,True,0.115534,0.329989,0.176603,0.000716,0.022011,0.000879,19.22,10,-0.111574,0.805099,0.542679,-0.113044,0.789116,0.542284,0.014831,0.185875,0.200711,0.000000,0.078096,0.016137,-0.074900,-0.167020,0.361963,-0.077600,-0.045024,0.036064,OFF
1786962576168581895,2026-08-17T17:29:36.168600,prediction,0.111430,0.345000,0.175931,0.118956,0.306044,0.178073,True,0.114043,0.335734,0.176412,0.002613,0.009266,0.000482,22.07,10,-0.111245,0.809275,0.542697,-0.112273,0.797500,0.542491,0.014831,0.186313,0.200711,0.000000,0.081158,0.016137,-0.089460,-0.160160,0.358643,-0.081376,-0.045088,0.036352,OFF
1786962576200993498,2026-08-17T17:29:36.201006,prediction,0.108101,0.359000,0.175517,0.118047,0.312089,0.177935,True,0.111885,0.341734,0.176177,0.003784,0.017266,0.000660,20.76,10,-0.110800,0.813777,0.542646,-0.111502,0.806013,0.542572,0.016576,0.188057,0.200711,0.000000,0.080716,0.016137,-0.100380,-0.156520,0.355904,-0.090112,-0.042816,0.036416,OFF
1786962576231754278,2026-08-17T17:29:36.231776,prediction,0.108124,0.365000,0.175340,0.117140,0.317031,0.177786,True,0.110412,0.347734,0.175968,0.002288,0.017266,0.000628,20.49,10,-0.110207,0.818650,0.542555,-0.111502,0.806013,0.542572,0.016576,0.188057,0.200711,0.000000,0.080716,0.016137,-0.100380,-0.156520,0.355904,-0.090112,-0.042816,0.036416,OFF
1786962576263978518,2026-08-17T17:29:36.264007,prediction,0.108101,0.359000,0.175517,0.116229,0.321753,0.177632,True,0.109486,0.352251,0.175883,0.001386,0.006749,0.000365,16.74,10,-0.109512,0.823628,0.542434,-0.111502,0.806013,0.542572,0.016576,0.188057,0.200711,0.000000,0.080716,0.016137,-0.100380,-0.156520,0.355904,-0.090112,-0.042816,0.036416,OFF
1786962576291583997,2026-08-17T17:29:36.291605,prediction,0.108151,0.372000,0.175133,0.115317,0.327177,0.177160,True,0.108826,0.358251,0.175707,0.000675,0.013749,0.000573,15.31,10,-0.108746,0.828627,0.542293,-0.110502,0.814868,0.542502,0.016576,0.188057,0.200711,0.000000,0.080716,0.016137,-0.100380,-0.156520,0.355904,-0.090112,-0.042816,0.036416,OFF
1786962576323518881,2026-08-17T17:29:36.323549,prediction,0.108178,0.379000,0.174926,0.114414,0.333115,0.176765,True,0.108392,0.364251,0.175513,0.000215,0.014749,0.000587,16.51,10,-0.107915,0.833871,0.542038,-0.110502,0.814868,0.542502,0.016576,0.188057,0.200711,0.000000,0.080716,0.016137,-0.100380,-0.156520,0.355904,-0.090112,-0.042816,0.036416,OFF
1786962576360006862,2026-08-17T17:29:36.360023,prediction,0.108151,0.372000,0.175133,0.113511,0.338356,0.176398,True,0.108194,0.367588,0.175435,0.000044,0.004412,0.000302,20.25,10,-0.107059,0.839307,0.541724,-0.109115,0.824713,0.542189,0.016576,0.188057,0.200711,0.000000,0.080716,0.016137,-0.100380,-0.156520,0.355904,-0.090112,-0.042816,0.036416,OFF
1786962576396898273,2026-08-17T17:29:36.396937,prediction,0.104883,0.385000,0.174749,0.112392,0.343458,0.176021,True,0.106966,0.373588,0.175267,0.002082,0.011412,0.000518,20.87,10,-0.106194,0.845102,0.541379,-0.109115,0.824713,0.542189,0.018320,0.188057,0.200711,0.000000,0.078096,0.016137,-0.097580,-0.158060,0.360884,-0.093888,-0.043360,0.037856,OFF
1786962576424991533,2026-08-17T17:29:36.425008,prediction,0.104850,0.379000,0.171593,0.111270,0.348158,0.175433,True,0.106185,0.376154,0.174094,0.001334,0.002846,0.002501,16.90,10,-0.105253,0.850826,0.541012,-0.107759,0.834177,0.541813,0.017889,0.184568,0.198525,0.000000,0.080716,0.016137,-0.068740,-0.193060,0.374330,-0.122112,-0.042080,0.034624,OFF
1786962576459496614,2026-08-17T17:29:36.459512,prediction,0.104850,0.379000,0.168259,0.110378,0.352778,0.174866,True,0.105678,0.377778,0.172127,0.000828,0.001222,0.003869,17.37,10,-0.104260,0.856536,0.540562,-0.107759,0.834177,0.541813,0.014831,0.182817,0.198964,0.002609,0.081158,0.016137,-0.073080,-0.197680,0.360386,-0.120064,-0.041632,0.033120,OFF
1786962576491579487,2026-08-17T17:29:36.491596,prediction,0.101666,0.399000,0.164433,0.109275,0.357009,0.174072,True,0.104171,0.383778,0.169462,0.002505,0.015222,0.005029,16.11,10,-0.103309,0.862061,0.540058,-0.106191,0.844003,0.541194,0.016576,0.181073,0.200711,0.000000,0.078096,0.013517,-0.081200,-0.180600,0.360884,-0.119712,-0.046656,0.036288,OFF
1786962576525604043,2026-08-17T17:29:36.525623,prediction,0.101616,0.392000,0.164605,0.108169,0.361108,0.173290,True,0.103199,0.387348,0.167610,0.001583,0.004652,0.003004,17.24,10,-0.102312,0.867314,0.539443,-0.106191,0.844003,0.541194,0.016576,0.181073,0.200711,0.000000,0.078096,0.013517,-0.081200,-0.180600,0.360884,-0.119712,-0.046656,0.036288,OFF
1786962576560670071,2026-08-17T17:29:36.560688,prediction,0.101759,0.412000,0.160834,0.107299,0.365555,0.172256,True,0.102453,0.393348,0.165109,0.000694,0.018652,0.004274,18.07,10,-0.101284,0.872514,0.538755,-0.104498,0.853837,0.540353,0.016576,0.181073,0.200711,0.000000,0.078096,0.013517,-0.081200,-0.180600,0.360884,-0.119712,-0.046656,0.036288,OFF
1786962576592217595,2026-08-17T17:29:36.592238,prediction,0.098539,0.418000,0.157427,0.106214,0.370764,0.171008,True,0.100897,0.399348,0.162241,0.002358,0.018652,0.004813,16.92,10,-0.100299,0.877573,0.537934,-0.104498,0.853837,0.540353,0.014831,0.179766,0.198964,0.000000,0.083766,0.013517,-0.080780,-0.173180,0.370927,-0.118336,-0.044032,0.035136,OFF
1786962576631826171,2026-08-17T17:29:36.631849,prediction,0.098592,0.424000,0.154040,0.105133,0.376073,0.169563,True,0.099854,0.405348,0.159134,0.001262,0.018652,0.005094,22.35,10,-0.099276,0.882604,0.536950,-0.102717,0.863649,0.539192,0.007853,0.164928,0.198964,0.000000,0.080716,0.007847,-0.079660,-0.208880,0.365200,-0.115872,-0.041856,0.033792,OFF
1786962576658254209,2026-08-17T17:29:36.658331,prediction,0.095474,0.437000,0.150547,0.104069,0.381348,0.167870,True,0.098087,0.411348,0.155849,0.002612,0.025652,0.005302,15.68,10,-0.098231,0.887629,0.535785,-0.102717,0.863649,0.539192,0.007853,0.164928,0.198964,0.000000,0.080716,0.007847,-0.079660,-0.208880,0.365200,-0.115872,-0.041856,0.033792,OFF
1786962576697565525,2026-08-17T17:29:36.697589,prediction,0.092315,0.443000,0.147211,0.103017,0.386936,0.165983,True,0.095862,0.417348,0.152495,0.003547,0.025652,0.005284,20.58,10,-0.097167,0.892653,0.534414,-0.100871,0.873296,0.537603,0.007853,0.164928,0.198964,0.000000,0.080716,0.007847,-0.079660,-0.208880,0.365200,-0.115872,-0.041856,0.033792,OFF
1786962576727477364,2026-08-17T17:29:36.727491,prediction,0.092315,0.443000,0.143983,0.101963,0.392534,0.163893,True,0.094387,0.423348,0.149145,0.002072,0.019652,0.005162,18.08,10,-0.096099,0.897691,0.532836,-0.100871,0.873296,0.537603,0.007853,0.164928,0.198964,0.000000,0.080716,0.007847,-0.079660,-0.208880,0.365200,-0.115872,-0.041856,0.033792,OFF
1786962576762527914,2026-08-17T17:29:36.762543,prediction,0.095537,0.443000,0.143983,0.101125,0.398133,0.161791,True,0.094503,0.429348,0.146882,0.001034,0.013652,0.002899,18.78,10,-0.095031,0.902731,0.531047,-0.098970,0.882880,0.535469,0.007853,0.164928,0.198964,0.000000,0.080716,0.007847,-0.079660,-0.208880,0.365200,-0.115872,-0.041856,0.033792,OFF
1786962576794342671,2026-08-17T17:29:36.794361,prediction,0.095474,0.437000,0.144071,0.100280,0.403413,0.159720,True,0.094694,0.432299,0.145440,0.000780,0.004701,0.001369,18.52,10,-0.094032,0.907772,0.529114,-0.098970,0.882880,0.535469,0.007853,0.163184,0.198964,0.000000,0.081158,0.005228,-0.077140,-0.198940,0.367939,-0.115552,-0.040416,0.035680,OFF
1786962576829128632,2026-08-17T17:29:36.829146,prediction,0.095600,0.449000,0.137458,0.099441,0.408256,0.157222,True,0.094792,0.438269,0.142380,0.000807,0.010731,0.004922,18.92,10,-0.093089,0.912892,0.527096,-0.097112,0.892363,0.532823,0.010029,0.174964,0.201142,0.000000,0.078096,0.008289,-0.078960,-0.205520,0.347687,-0.111808,-0.051712,0.036576,OFF
1786962576861260187,2026-08-17T17:29:36.861277,prediction,0.092460,0.455000,0.134182,0.098395,0.413331,0.154492,True,0.093837,0.444269,0.139207,0.001377,0.010731,0.005025,17.74,10,-0.092183,0.917865,0.524887,-0.097112,0.892363,0.532823,0.010029,0.174964,0.201142,0.000000,0.078096,0.008289,-0.078960,-0.205520,0.347687,-0.111808,-0.051712,0.036576,OFF
1786962576893768432,2026-08-17T17:29:36.893786,prediction,0.092545,0.462000,0.127720,0.097573,0.418400,0.151356,True,0.093187,0.450269,0.134913,0.000642,0.011731,0.007192,17.48,10,-0.091226,0.922807,0.522472,-0.095318,0.901642,0.529668,0.010029,0.174964,0.201142,0.000000,0.078096,0.008289,-0.078960,-0.205520,0.347687,-0.111808,-0.051712,0.036576,OFF
1786962576928987620,2026-08-17T17:29:36.929006,prediction,0.092460,0.455000,0.124557,0.096747,0.423467,0.148221,True,0.092821,0.452420,0.130874,0.000361,0.002580,0.006317,19.25,10,-0.090307,0.927886,0.519782,-0.095318,0.901642,0.529668,0.010029,0.174964,0.201142,0.000000,0.078096,0.008289,-0.078960,-0.205520,0.347687,-0.111808,-0.051712,0.036576,OFF
1786962576961807343,2026-08-17T17:29:36.961825,prediction,0.092618,0.468000,0.121308,0.095931,0.428907,0.145091,True,0.092563,0.458168,0.127055,0.000054,0.009832,0.005747,16.93,10,-0.089416,0.932991,0.516900,-0.093598,0.910778,0.525947,0.010029,0.174964,0.201142,0.000000,0.078096,0.008289,-0.078960,-0.205520,0.347687,-0.111808,-0.051712,0.036576,OFF
1786962576993306616,2026-08-17T17:29:36.993327,prediction,0.092690,0.474000,0.121290,0.095333,0.434741,0.142214,True,0.092419,0.464075,0.124473,0.000272,0.009925,0.003184,17.66,10,-0.088542,0.938079,0.513896,-0.093598,0.910778,0.525947,0.016138,0.199400,0.198525,0.000000,0.078538,0.018756,-0.084280,-0.222180,0.348185,-0.114432,-0.046816,0.035136,OFF
1786962577030535644,2026-08-17T17:29:37.030557,prediction,0.092618,0.468000,0.118121,0.094733,0.439962,0.139116,True,0.092364,0.465988,0.121746,0.000254,0.002012,0.003624,21.80,10,-0.087758,0.943385,0.510896,-0.091994,0.919733,0.521814,0.017889,0.198962,0.198964,0.000000,0.081158,0.018756,-0.079940,-0.227500,0.349098,-0.114816,-0.050368,0.034080,OFF
1786962577061260295,2026-08-17T17:29:37.061279,prediction,0.095798,0.468000,0.114935,0.094336,0.444686,0.136056,True,0.093387,0.467084,0.118900,0.002412,0.000916,0.003966,16.63,10,-0.087036,0.948728,0.507839,-0.091994,0.919733,0.521814,0.018320,0.197655,0.200711,0.000000,0.080716,0.016137,-0.084000,-0.206640,0.347189,-0.115488,-0.050656,0.034784,OFF
1786962577097908668,2026-08-17T17:29:37.097927,prediction,0.095736,0.462000,0.111737,0.094149,0.448617,0.133010,True,0.094163,0.465655,0.115959,0.001572,0.003655,0.004222,18.44,10,-0.086432,0.953991,0.504758,-0.090556,0.928588,0.517405,0.018320,0.197655,0.200711,0.000000,0.080716,0.016137,-0.084000,-0.206640,0.347189,-0.115488,-0.050656,0.034784,OFF
1786962577130491434,2026-08-17T17:29:37.130509,prediction,0.095861,0.474000,0.108582,0.093967,0.452070,0.129979,True,0.094666,0.468667,0.112990,0.001196,0.005333,0.004408,19.22,10,-0.085983,0.958918,0.501673,-0.090556,0.928588,0.517405,0.018320,0.197655,0.200711,0.000000,0.080716,0.016137,-0.084000,-0.206640,0.347189,-0.115488,-0.050656,0.034784,OFF
1786962577159451519,2026-08-17T17:29:37.159466,prediction,0.098979,0.468000,0.102187,0.094200,0.455107,0.126755,True,0.096082,0.468645,0.108883,0.002897,0.000645,0.006696,15.85,10,-0.085637,0.963516,0.498597,-0.089224,0.937423,0.512822,0.018320,0.197655,0.200711,0.000000,0.080716,0.016137,-0.084000,-0.206640,0.347189,-0.115488,-0.050656,0.034784,OFF
1786962577194736340,2026-08-17T17:29:37.194751,prediction,0.099085,0.480000,0.099102,0.094652,0.457688,0.123548,True,0.097021,0.472683,0.105056,0.002064,0.007317,0.005954,17.51,10,-0.085503,0.967811,0.495466,-0.089224,0.937423,0.512822,0.017889,0.195911,0.200711,0.002609,0.083335,0.016137,-0.081480,-0.193340,0.339968,-0.115488,-0.047424,0.032960,OFF
1786962577230245625,2026-08-17T17:29:37.230274,prediction,0.099138,0.486000,0.095996,0.095107,0.460178,0.120349,True,0.097668,0.477518,0.101434,0.001470,0.008482,0.005438,19.86,10,-0.085580,0.971727,0.492303,-0.088312,0.946009,0.507686,0.019634,0.201144,0.198964,0.002609,0.081158,0.018756,-0.087360,-0.219380,0.351671,-0.109760,-0.048480,0.032288,OFF
1786962577265952612,2026-08-17T17:29:37.265965,prediction,0.098979,0.468000,0.092627,0.095336,0.462649,0.116925,True,0.098222,0.474623,0.097843,0.000757,0.006623,0.005217,19.87,10,-0.085799,0.975462,0.489122,-0.087597,0.954389,0.502405,0.019634,0.200706,0.200711,0.000000,0.080716,0.018756,-0.079660,-0.223720,0.337395,-0.109024,-0.046144,0.036128,OFF
1786962577293618917,2026-08-17T17:29:37.293633,prediction,0.099085,0.480000,0.086434,0.095577,0.465116,0.113082,True,0.098537,0.476624,0.093398,0.000547,0.003376,0.006964,16.44,10,-0.086047,0.978943,0.485853,-0.087597,0.954389,0.502405,0.019634,0.200706,0.200711,0.000000,0.080716,0.018756,-0.079660,-0.223720,0.337395,-0.109024,-0.046144,0.036128,OFF
1786962577338617266,2026-08-17T17:29:37.338636,prediction,0.102332,0.492000,0.083467,0.096026,0.467583,0.109483,True,0.099732,0.482068,0.089419,0.002600,0.009932,0.005951,26.78,10,-0.086303,0.982161,0.482384,-0.087218,0.962521,0.496542,0.019634,0.200706,0.200711,0.000000,0.080716,0.018756,-0.079660,-0.223720,0.337395,-0.109024,-0.046144,0.036128,OFF
1786962577367474256,2026-08-17T17:29:37.367491,prediction,0.102289,0.486000,0.080210,0.096681,0.470050,0.105885,True,0.100606,0.483761,0.085668,0.001682,0.002239,0.005458,19.73,10,-0.086633,0.985168,0.478853,-0.087218,0.962521,0.496542,0.019634,0.200706,0.200711,0.000000,0.080716,0.018756,-0.079660,-0.223720,0.337395,-0.109024,-0.046144,0.036128,OFF
1786962577400353080,2026-08-17T17:29:37.400366,prediction,0.102375,0.498000,0.077293,0.097336,0.472517,0.102523,True,0.101163,0.488941,0.082227,0.001211,0.009059,0.004934,20.75,10,-0.087084,0.988106,0.475284,-0.087178,0.970215,0.490149,0.017889,0.201144,0.197216,0.000000,0.080716,0.018756,-0.065380,-0.232120,0.358311,-0.110752,-0.044480,0.036352,OFF
1786962577432103747,2026-08-17T17:29:37.432131,prediction,0.102332,0.492000,0.070879,0.097994,0.474983,0.098944,True,0.101594,0.490406,0.077821,0.000737,0.001594,0.006942,18.66,10,-0.087616,0.990799,0.471771,-0.087178,0.970215,0.490149,0.019634,0.199400,0.198525,0.002609,0.080716,0.018756,-0.059080,-0.254380,0.333245,-0.112544,-0.043136,0.037184,OFF
1786962577461858940,2026-08-17T17:29:37.461877,prediction,0.102332,0.492000,0.067732,0.098642,0.477077,0.095373,True,0.101911,0.491294,0.073792,0.000421,0.000706,0.006060,19.06,10,-0.088201,0.993401,0.468234,-0.087178,0.970215,0.490149,0.016138,0.198962,0.201142,0.002609,0.078096,0.019198,-0.061320,-0.241080,0.345778,-0.109984,-0.050208,0.034240,OFF
1786962577497590254,2026-08-17T17:29:37.497608,prediction,0.102332,0.492000,0.064584,0.099285,0.478775,0.091592,True,0.102154,0.491802,0.070051,0.000178,0.000198,0.005467,17.60,10,-0.088824,0.995947,0.464683,-0.087630,0.977281,0.483156,0.016138,0.199400,0.200711,0.000000,0.083335,0.016137,-0.056700,-0.221340,0.330838,-0.110208,-0.045376,0.034464,OFF
1786962577525020613,2026-08-17T17:29:37.525035,prediction,0.102332,0.492000,0.064584,0.099932,0.480395,0.088023,True,0.102342,0.492082,0.067565,0.000010,0.000082,0.002980,16.28,10,-0.089473,0.998223,0.461055,-0.087630,0.977281,0.483156,0.013087,0.200706,0.198525,0.002609,0.078096,0.016137,-0.061600,-0.256900,0.343205,-0.108544,-0.045376,0.033344,OFF
1786962577562749053,2026-08-17T17:29:37.562769,prediction,0.105533,0.503000,0.058619,0.100581,0.481999,0.084269,True,0.103429,0.495990,0.064047,0.002104,0.007010,0.005428,21.14,10,-0.090138,1.000157,0.457443,-0.088358,0.983922,0.475692,0.013087,0.201144,0.198525,0.000000,0.078096,0.013086,-0.068180,-0.250040,0.339968,-0.110144,-0.049088,0.032672,OFF
1786962577594342824,2026-08-17T17:29:37.594361,prediction,0.102410,0.503000,0.052361,0.101026,0.484186,0.080310,True,0.103167,0.498731,0.059612,0.000756,0.004269,0.007251,18.71,10,-0.090807,1.001935,0.453786,-0.088358,0.983922,0.475692,0.011342,0.198962,0.200711,0.000000,0.081158,0.013517,-0.076440,-0.234360,0.339387,-0.109536,-0.047200,0.031296,OFF
1786962577632943558,2026-08-17T17:29:37.632965,prediction,0.102582,0.527000,0.050070,0.101474,0.486491,0.076410,True,0.102898,0.504731,0.055858,0.000315,0.022269,0.005788,20.51,10,-0.091408,1.003891,0.450030,-0.089290,0.990027,0.467846,0.010029,0.200706,0.198964,0.000000,0.080716,0.008289,-0.070000,-0.258720,0.337727,-0.109920,-0.043808,0.031392,OFF
1786962577663622103,2026-08-17T17:29:37.663636,prediction,0.102539,0.521000,0.043662,0.101712,0.489778,0.072508,True,0.102776,0.510731,0.051223,0.000237,0.010269,0.007562,19.55,10,-0.091956,1.005970,0.446221,-0.089290,0.990027,0.467846,0.009598,0.202457,0.200711,0.002609,0.080716,0.008289,-0.063840,-0.275800,0.342541,-0.109536,-0.044192,0.033024,OFF
1786962577698631996,2026-08-17T17:29:37.698655,prediction,0.102582,0.527000,0.037712,0.101945,0.493262,0.068415,True,0.102707,0.516731,0.046110,0.000125,0.010269,0.008398,20.83,10,-0.092403,1.008311,0.442377,-0.090281,0.995953,0.459809,0.004796,0.199400,0.200711,0.000000,0.081158,0.005228,-0.063140,-0.252000,0.332913,-0.109824,-0.046976,0.031392,OFF
1786962577730457574,2026-08-17T17:29:37.730478,prediction,0.102582,0.527000,0.031533,0.102174,0.496466,0.064118,True,0.102701,0.520797,0.040593,0.000118,0.006203,0.009059,20.16,10,-0.092782,1.011022,0.438447,-0.090281,0.995953,0.459809,0.004796,0.199400,0.202458,0.000000,0.081158,0.003051,-0.073080,-0.266560,0.338059,-0.109536,-0.043872,0.031520,OFF
1786962577762185568,2026-08-17T17:29:37.762203,prediction,0.102561,0.524000,0.025210,0.102413,0.499613,0.059623,True,0.102738,0.522404,0.034743,0.000177,0.001596,0.009532,19.59,10,-0.093117,1.013914,0.434391,-0.091236,1.001709,0.451649,0.003051,0.201144,0.198964,0.000000,0.081158,0.005670,-0.078680,-0.256900,0.342707,-0.109088,-0.044256,0.031744,OFF
1786962577802278547,2026-08-17T17:29:37.802296,prediction,0.099543,0.532000,0.019433,0.102444,0.502749,0.055157,True,0.101736,0.526118,0.028870,0.002193,0.005882,0.009437,23.72,10,-0.093418,1.016955,0.430185,-0.092063,1.007484,0.443518,0.001744,0.202889,0.200711,0.000000,0.081158,0.000000,-0.064680,-0.276080,0.333909,-0.107584,-0.049088,0.029888,OFF
1786962577832339618,2026-08-17T17:29:37.832368,prediction,0.099446,0.521000,0.015768,0.102251,0.505723,0.050643,True,0.101103,0.524820,0.023679,0.001657,0.003820,0.007911,17.90,10,-0.093632,1.020004,0.425883,-0.092063,1.007484,0.443518,0.001744,0.201144,0.200711,0.000000,0.080716,0.002609,-0.020020,-0.277760,0.350426,-0.106688,-0.044544,0.020608,OFF
1786962577867492480,2026-08-17T17:29:37.867505,prediction,0.099596,0.538000,0.010528,0.102072,0.508771,0.045998,True,0.100619,0.529555,0.018566,0.001024,0.008445,0.008038,24.53,10,-0.093723,1.023185,0.421500,-0.092674,1.013263,0.435414,0.001307,0.197655,0.201142,0.000000,0.080716,0.000000,0.051660,-0.259980,0.336482,-0.104480,-0.046144,0.002560,OFF
1786962577899871181,2026-08-17T17:29:37.899909,prediction,0.099640,0.543000,0.007747,0.101889,0.511834,0.041362,True,0.100302,0.534484,0.014274,0.000662,0.008516,0.006527,18.39,10,-0.093724,1.026170,0.417027,-0.092674,1.013263,0.435414,0.003489,0.199400,0.202458,0.000000,0.083335,0.002609,0.090440,-0.269640,0.334656,-0.103296,-0.043424,-0.017152,OFF
1786962577928571736,2026-08-17T17:29:37.928588,prediction,0.099596,0.538000,0.007457,0.101707,0.514900,0.037133,True,0.100150,0.536094,0.011359,0.000554,0.001906,0.003902,18.69,10,-0.093666,1.029210,0.412496,-0.092674,1.013263,0.435414,0.007853,0.201144,0.198525,0.000000,0.080716,0.010467,0.129500,-0.295680,0.348683,-0.096352,-0.048032,-0.030400,OFF


============================================================
EXPERIMENT METRICS
  File: experiment_SVGP_20260817_172929.csv
  Total samples: 240
  Task completion time: 8.01 s
  --- Prediction Accuracy (over 240 samples) ---
  Avg Inference Time: 18.82 ms
  Mean Squared Error (MSE): 0.000703 m²
  Mean Absolute Error (MAE - 3D): 0.0247 m
      MAE X: 0.0040 m
      MAE Y: 0.0206 m
      MAE Z: 0.0087 m
  --- Trajectory Smoothness (Robot EE) ---
  Mean Jerk (3D): 12.2234 m/s³
      Jerk X: 1.3261 m/s³
      Jerk Y: 10.7126 m/s³
      Jerk Z: 4.3794 m/s³
  Max Jerk (3D): 98.4483 m/s³
  RMS Jerk (3D): 23.3301 m/s³
============================================================
